"DeviceName","Manufacturer","DriverVersion","InfName","DeviceID"
,,,,"HTREE\ROOT\0"
,,"2:10.0,2:6.3,2:6.2,2:6.1,2:6.0,2:5.2,2:5.1",,"OneNote (Desktop)"
,,"2:10.0,2:6.3,2:6.2,2:6.1,2:6.0,2:5.2,2:5.1",,"Microsoft Print to PDF"
"ACP HDA Node",,,,"ACP\DEVTYPE_0001&DEVREV_0000&VEN_1022&DEV_15E2&SUBSYS_10433E00&REV_62\5&2E30036E&0&01"
"ACPI Fan","(Standard system devices)","10.0.26100.1150","machine.inf","ACPI\PNP0C0B\5"
"ACPI Lid","(Standard system devices)","10.0.26100.1150","machine.inf","ACPI\PNP0C0D\4&2CA764C4&0"
"ACPI Power Button","(Standard system devices)","10.0.26100.1150","machine.inf","ACPI\PNP0C0C\AA"
"ACPI Processor Aggregator","(Standard system devices)","10.0.26100.1150","acpipagr.inf","ACPI\ACPI000C\2&DABA3FF&0"
"ACPI Processor Container Device","(Standard system devices)","10.0.26100.1150","machine.inf","ACPI\ACPI0010\1"
"ACPI Sleep Button","(Standard system devices)","10.0.26100.1150","machine.inf","ACPI\PNP0C0E\2&DABA3FF&0"
"ACPI Thermal Zone","(Standard system devices)","10.0.26100.1150","machine.inf","ACPI\THERMALZONE\TZ01"
"ACPI x64-based PC","(Standard computers)","10.0.26100.1","hal.inf","ROOT\ACPI_HAL\0000"
"AMD Audio CoProcessor","AMD","6.0.2.116","oem119.inf","PCI\VEN_1022&DEV_15E2&SUBSYS_3E001043&REV_62\4&16012499&0&0541"
"AMD Crash Defender","Advanced Micro Devices, Inc.","25.10.0.7","oem113.inf","ROOT\AMDLOG\0000"
"AMD DRTM Boot Driver","Advanced Micro Devices, Inc","1.0.19.4","oem115.inf","ACPI\DRTM0001\0"
"AMD GPIO Controller","Advanced Micro Devices, Inc","2.2.0.134","oem13.inf","ACPI\AMDI0030\0"
"AMD I2C Controller","Advanced Micro Devices, Inc.","1.2.0.126","oem14.inf","ACPI\AMDI0010\0"
"AMD I2C Controller","Advanced Micro Devices, Inc.","1.2.0.126","oem14.inf","ACPI\AMDI0010\3"
"AMD Micro PEP Device","Advanced Micro Devices, Inc.","1.0.44.0","oem16.inf","ACPI\AMDI0008\1"
"AMD Processor","Advanced Micro Devices","10.0.26100.8737","cpu.inf","ACPI\AUTHENTICAMD_-_AMD64_FAMILY_26_MODEL_68_-_AMD_RYZEN_9_9955HX_16-CORE_PROCESSOR___________\10"
"AMD Processor","Advanced Micro Devices","10.0.26100.8737","cpu.inf","ACPI\AUTHENTICAMD_-_AMD64_FAMILY_26_MODEL_68_-_AMD_RYZEN_9_9955HX_16-CORE_PROCESSOR___________\11"
"AMD Processor","Advanced Micro Devices","10.0.26100.8737","cpu.inf","ACPI\AUTHENTICAMD_-_AMD64_FAMILY_26_MODEL_68_-_AMD_RYZEN_9_9955HX_16-CORE_PROCESSOR___________\12"
"AMD Processor","Advanced Micro Devices","10.0.26100.8737","cpu.inf","ACPI\AUTHENTICAMD_-_AMD64_FAMILY_26_MODEL_68_-_AMD_RYZEN_9_9955HX_16-CORE_PROCESSOR___________\13"
"AMD Processor","Advanced Micro Devices","10.0.26100.8737","cpu.inf","ACPI\AUTHENTICAMD_-_AMD64_FAMILY_26_MODEL_68_-_AMD_RYZEN_9_9955HX_16-CORE_PROCESSOR___________\18"
"AMD Processor","Advanced Micro Devices","10.0.26100.8737","cpu.inf","ACPI\AUTHENTICAMD_-_AMD64_FAMILY_26_MODEL_68_-_AMD_RYZEN_9_9955HX_16-CORE_PROCESSOR___________\19"
"AMD Processor","Advanced Micro Devices","10.0.26100.8737","cpu.inf","ACPI\AUTHENTICAMD_-_AMD64_FAMILY_26_MODEL_68_-_AMD_RYZEN_9_9955HX_16-CORE_PROCESSOR___________\1A"
"AMD Processor","Advanced Micro Devices","10.0.26100.8737","cpu.inf","ACPI\AUTHENTICAMD_-_AMD64_FAMILY_26_MODEL_68_-_AMD_RYZEN_9_9955HX_16-CORE_PROCESSOR___________\17"
"AMD Processor","Advanced Micro Devices","10.0.26100.8737","cpu.inf","ACPI\AUTHENTICAMD_-_AMD64_FAMILY_26_MODEL_68_-_AMD_RYZEN_9_9955HX_16-CORE_PROCESSOR___________\14"
"AMD Processor","Advanced Micro Devices","10.0.26100.8737","cpu.inf","ACPI\AUTHENTICAMD_-_AMD64_FAMILY_26_MODEL_68_-_AMD_RYZEN_9_9955HX_16-CORE_PROCESSOR___________\15"
"AMD Processor","Advanced Micro Devices","10.0.26100.8737","cpu.inf","ACPI\AUTHENTICAMD_-_AMD64_FAMILY_26_MODEL_68_-_AMD_RYZEN_9_9955HX_16-CORE_PROCESSOR___________\16"
"AMD Processor","Advanced Micro Devices","10.0.26100.8737","cpu.inf","ACPI\AUTHENTICAMD_-_AMD64_FAMILY_26_MODEL_68_-_AMD_RYZEN_9_9955HX_16-CORE_PROCESSOR___________\F"
"AMD Processor","Advanced Micro Devices","10.0.26100.8737","cpu.inf","ACPI\AUTHENTICAMD_-_AMD64_FAMILY_26_MODEL_68_-_AMD_RYZEN_9_9955HX_16-CORE_PROCESSOR___________\4"
"AMD Processor","Advanced Micro Devices","10.0.26100.8737","cpu.inf","ACPI\AUTHENTICAMD_-_AMD64_FAMILY_26_MODEL_68_-_AMD_RYZEN_9_9955HX_16-CORE_PROCESSOR___________\5"
"AMD Processor","Advanced Micro Devices","10.0.26100.8737","cpu.inf","ACPI\AUTHENTICAMD_-_AMD64_FAMILY_26_MODEL_68_-_AMD_RYZEN_9_9955HX_16-CORE_PROCESSOR___________\6"
"AMD Processor","Advanced Micro Devices","10.0.26100.8737","cpu.inf","ACPI\AUTHENTICAMD_-_AMD64_FAMILY_26_MODEL_68_-_AMD_RYZEN_9_9955HX_16-CORE_PROCESSOR___________\3"
"AMD Processor","Advanced Micro Devices","10.0.26100.8737","cpu.inf","ACPI\AUTHENTICAMD_-_AMD64_FAMILY_26_MODEL_68_-_AMD_RYZEN_9_9955HX_16-CORE_PROCESSOR___________\0"
"AMD Processor","Advanced Micro Devices","10.0.26100.8737","cpu.inf","ACPI\AUTHENTICAMD_-_AMD64_FAMILY_26_MODEL_68_-_AMD_RYZEN_9_9955HX_16-CORE_PROCESSOR___________\1"
"AMD Processor","Advanced Micro Devices","10.0.26100.8737","cpu.inf","ACPI\AUTHENTICAMD_-_AMD64_FAMILY_26_MODEL_68_-_AMD_RYZEN_9_9955HX_16-CORE_PROCESSOR___________\2"
"AMD Processor","Advanced Micro Devices","10.0.26100.8737","cpu.inf","ACPI\AUTHENTICAMD_-_AMD64_FAMILY_26_MODEL_68_-_AMD_RYZEN_9_9955HX_16-CORE_PROCESSOR___________\7"
"AMD Processor","Advanced Micro Devices","10.0.26100.8737","cpu.inf","ACPI\AUTHENTICAMD_-_AMD64_FAMILY_26_MODEL_68_-_AMD_RYZEN_9_9955HX_16-CORE_PROCESSOR___________\C"
"AMD Processor","Advanced Micro Devices","10.0.26100.8737","cpu.inf","ACPI\AUTHENTICAMD_-_AMD64_FAMILY_26_MODEL_68_-_AMD_RYZEN_9_9955HX_16-CORE_PROCESSOR___________\D"
"AMD Processor","Advanced Micro Devices","10.0.26100.8737","cpu.inf","ACPI\AUTHENTICAMD_-_AMD64_FAMILY_26_MODEL_68_-_AMD_RYZEN_9_9955HX_16-CORE_PROCESSOR___________\E"
"AMD Processor","Advanced Micro Devices","10.0.26100.8737","cpu.inf","ACPI\AUTHENTICAMD_-_AMD64_FAMILY_26_MODEL_68_-_AMD_RYZEN_9_9955HX_16-CORE_PROCESSOR___________\B"
"AMD Processor","Advanced Micro Devices","10.0.26100.8737","cpu.inf","ACPI\AUTHENTICAMD_-_AMD64_FAMILY_26_MODEL_68_-_AMD_RYZEN_9_9955HX_16-CORE_PROCESSOR___________\8"
"AMD Processor","Advanced Micro Devices","10.0.26100.8737","cpu.inf","ACPI\AUTHENTICAMD_-_AMD64_FAMILY_26_MODEL_68_-_AMD_RYZEN_9_9955HX_16-CORE_PROCESSOR___________\9"
"AMD Processor","Advanced Micro Devices","10.0.26100.8737","cpu.inf","ACPI\AUTHENTICAMD_-_AMD64_FAMILY_26_MODEL_68_-_AMD_RYZEN_9_9955HX_16-CORE_PROCESSOR___________\A"
"AMD Processor","Advanced Micro Devices","10.0.26100.8737","cpu.inf","ACPI\AUTHENTICAMD_-_AMD64_FAMILY_26_MODEL_68_-_AMD_RYZEN_9_9955HX_16-CORE_PROCESSOR___________\1E"
"AMD Processor","Advanced Micro Devices","10.0.26100.8737","cpu.inf","ACPI\AUTHENTICAMD_-_AMD64_FAMILY_26_MODEL_68_-_AMD_RYZEN_9_9955HX_16-CORE_PROCESSOR___________\1F"
"AMD Processor","Advanced Micro Devices","10.0.26100.8737","cpu.inf","ACPI\AUTHENTICAMD_-_AMD64_FAMILY_26_MODEL_68_-_AMD_RYZEN_9_9955HX_16-CORE_PROCESSOR___________\1D"
"AMD Processor","Advanced Micro Devices","10.0.26100.8737","cpu.inf","ACPI\AUTHENTICAMD_-_AMD64_FAMILY_26_MODEL_68_-_AMD_RYZEN_9_9955HX_16-CORE_PROCESSOR___________\1B"
"AMD Processor","Advanced Micro Devices","10.0.26100.8737","cpu.inf","ACPI\AUTHENTICAMD_-_AMD64_FAMILY_26_MODEL_68_-_AMD_RYZEN_9_9955HX_16-CORE_PROCESSOR___________\1C"
"AMD Provisioning Packages","Advanced Micro Devices, Inc.","8.0.0.50","oem17.inf","ACPI\AMDI0052\2&DABA3FF&0"
"AMD PSP 11.0 Device","Advanced Micro Devices Inc.","5.38.0.0","oem18.inf","PCI\VEN_1022&DEV_1649&SUBSYS_10541043&REV_00\4&16012499&0&0241"
"AMD Radeon(TM) Graphics","Advanced Micro Devices, Inc.","32.0.21036.8001","oem132.inf","PCI\VEN_1002&DEV_13C0&SUBSYS_3AA81043&REV_D8\4&16012499&0&0041"
"AMD SMBUS","Advanced Micro Devices, Inc","2.0.0.23","oem15.inf","PCI\VEN_1022&DEV_790B&SUBSYS_10541043&REV_71\3&11583659&0&A0"
"AMD-Dynamic Audio Noise Supression","Advanced Micro Devices, Inc.","1.4.39.0","oem127.inf","SWD\DRIVERENUM\AMDFDANS&5&2E2C6C0B&0"
"AMD-OpenCL User Mode Driver","Advanced Micro Devices, Inc.","32.0.21036.8001","oem133.inf","SWD\DRIVERENUM\AMDOCL&5&2E2C6C0B&0"
"AMD-UWP Version Control","Advanced Micro Devices, Inc.","32.2510.0.0","oem117.inf","SWD\DRIVERENUM\AMDUWP&5&2E2C6C0B&0"
"AMD-Windows Support Components","Advanced Micro Devices, Inc.","32.0.21036.8001","oem134.inf","SWD\DRIVERENUM\AMDWIN&5&2E2C6C0B&0"
"Armoury Crate Control Interface","ASUS","1.2.0.2","oem111.inf","ACPI\ASUS9001\2&DABA3FF&0"
"ASUS Component Firmware Update","ASUSTek COMPUTER INC.","13.82.0.4","oem106.inf","HID\VID_0B05&PID_19B6&MI_00&COL09\8&102F3D2&0&0008"
"ASUS Precision Touchpad","ASUSTek COMPUTER INC.","16.0.0.44","oem118.inf","HID\ASUP1203&COL02\4&312A035&0&0001"
"ASUS System Control Interface v3","ASUS","3.1.67.0","oem125.inf","ACPI\ASUS2018\2&DABA3FF&0"
"Audio Endpoint","Microsoft","10.0.26100.1","audioendpoint.inf","SWD\MMDEVAPI\{0.0.0.00000000}.{30FDC333-AAB8-4450-856A-1E5419DCAF96}"
"Audio Endpoint","Microsoft","10.0.26100.1","audioendpoint.inf","SWD\MMDEVAPI\{0.0.1.00000000}.{2459ECDE-F493-42D3-9D49-63B89F96FE16}"
"Bluetooth Device (Personal Area Network)","Microsoft","10.0.26100.8655","bthpan.inf","BTH\MS_BTHPAN\8&182CDD2&0&2"
"Bluetooth Device (RFCOMM Protocol TDI)","Microsoft","10.0.26100.8875","tdibth.inf","BTH\MS_RFCOMM\8&182CDD2&0&0"
"Charge Arbitration Driver","(Standard system devices)","10.0.26100.8521","ChargeArbitration.inf","ROOT\CAD\0000"
"Cirrus Logic Awesome Speaker Amps","Cirrus Logic, Inc.","21.51.46.157","oem93.inf","ACPI\CSC3551\1"
"Composite Bus Enumerator","Microsoft","10.0.26100.1150","compositebus.inf","ROOT\COMPOSITEBUS\0000"
"Computer Device","Microsoft","10.0.26100.1","compdev.inf","SWD\COMPUTER\MFG_ASUSTEK_COMPUTER_INC.&FAM_ROG_STRIX_G18&PROD_ROG_STRIX_G18_G814FP_G814FP"
"Device Firmware","Microsoft","10.0.26100.4768","c_firmware.inf","UEFI\RES_{14A0B537-543B-3D55-B788-BA7FF2D15FE6}\0"
"Direct memory access controller","(Standard system devices)","10.0.26100.1150","machine.inf","ACPI\PNP0200\4&2CA764C4&0"
"Disk drive","(Standard disk drives)","10.0.26100.8521","disk.inf","USBSTOR\DISK&VEN_WD&PROD_MY_PASSPORT_071A&REV_2011\575838314136303931323237&0"
"Disk drive","(Standard disk drives)","10.0.26100.8521","disk.inf","SCSI\DISK&VEN_NVME&PROD_MTFDKBA1T0QGN-1B\5&6DC7015&0&000000"
"DolbyAPO Software Device (HSA)","Dolby","3.30803.830.0","oem104.inf","SWD\DRIVERENUM\{25C1BC6B-97B1-465A-A9FF-A003EBFC2259}#DOLBYAPO_DAX3HSA_DOLBYACCESS&6&2A60BCD6&0"
"DolbyAPO SWC Device","Dolby","3.30808.873.0","oem103.inf","SWD\DRIVERENUM\{25C1BC6B-97B1-465A-A9FF-A003EBFC2259}#DOLBYAPO_DAX3APOSVC&6&2A60BCD6&0"
"Generic PnP Monitor","(Standard monitor types)","10.0.26100.8737","monitor.inf","DISPLAY\BOE0CE4\5&2E2C6C0B&0&UID512"
"Generic software component","Microsoft","10.0.26100.1","c_swcomponent.inf","SWD\DRIVERENUM\AMDDRTM&3&2B156EF8&0"
"Generic software device","Microsoft","10.0.26100.1","c_swdevice.inf","SWD\MSRRAS\{5E259276-BC7E-40E3-B93B-8F89B5F3ABC0}"
"Generic software device","Microsoft","10.0.26100.1","c_swdevice.inf","SWD\RADIO\{6A8DEAE9-BC80-4448-8FE7-C94B8DB0AAC4}"
"Generic software device","Microsoft","10.0.26100.1","c_swdevice.inf","SWD\RADIO\BLUETOOTH_4845E634A062"
"Generic software device","Microsoft","10.0.26100.1","c_swdevice.inf","SWD\MSDAS\{CE958E9A-424F-4C88-86F4-11314821E75A}"
"Generic software device","Microsoft","10.0.26100.1","c_swdevice.inf","SWD\RADIO\{3DB5895D-CC28-44B3-AD3D-6F01A782B8D2}"
"Generic software device","Microsoft","10.0.26100.1","c_swdevice.inf","SWD\MMDEVAPI\MICROSOFTGSWAVETABLESYNTH"
"Generic volume shadow copy","Microsoft","10.0.26100.1","volsnap.inf","STORAGE\VOLUMESNAPSHOT\HARDDISKVOLUMESNAPSHOT4"
"Generic volume shadow copy","Microsoft","10.0.26100.1","volsnap.inf","STORAGE\VOLUMESNAPSHOT\HARDDISKVOLUMESNAPSHOT1"
"Generic volume shadow copy","Microsoft","10.0.26100.1","volsnap.inf","STORAGE\VOLUMESNAPSHOT\HARDDISKVOLUMESNAPSHOT2"
"Generic volume shadow copy","Microsoft","10.0.26100.1","volsnap.inf","STORAGE\VOLUMESNAPSHOT\HARDDISKVOLUMESNAPSHOT3"
"HID Keyboard Device","(Standard keyboards)","10.0.26100.8521","keyboard.inf","HID\VID_0B05&PID_19B6&MI_00&COL02\8&102F3D2&0&0001"
"HID-compliant consumer control device","Microsoft","10.0.26100.1","hidserv.inf","HID\VID_0B05&PID_19B6&MI_00&COL05\8&102F3D2&0&0004"
"HID-compliant device","(Standard system devices)","10.0.26100.8875","input.inf","HID\VID_0B05&PID_19B6&MI_01\8&296DA19B&0&0000"
"HID-compliant mouse","Microsoft","10.0.26100.1150","msmouse.inf","HID\ASUP1203&COL01\4&312A035&0&0000"
"HID-compliant mouse","Microsoft","10.0.26100.1150","msmouse.inf","HID\VID_0B05&PID_19B6&MI_00&COL07\8&102F3D2&0&0006"
"HID-compliant system controller","(Standard system devices)","10.0.26100.8875","input.inf","HID\VID_0B05&PID_19B6&MI_00&COL08\8&102F3D2&0&0007"
"HID-compliant vendor-defined device","(Standard system devices)","10.0.26100.8875","input.inf","HID\VID_0B05&PID_19B6&MI_00&COL03\8&102F3D2&0&0002"
"HID-compliant vendor-defined device","(Standard system devices)","10.0.26100.8875","input.inf","HID\ASUP1203&COL04\4&312A035&0&0003"
"HID-compliant vendor-defined device","(Standard system devices)","10.0.26100.8875","input.inf","HID\VID_0B05&PID_19B6&MI_00&COL04\8&102F3D2&0&0003"
"HID-compliant vendor-defined device","(Standard system devices)","10.0.26100.8875","input.inf","HID\VID_0B05&PID_19B6&MI_00&COL01\8&102F3D2&0&0000"
"HID-compliant wireless radio controls","(Standard system devices)","10.0.26100.8875","input.inf","HID\VID_0B05&PID_19B6&MI_00&COL06\8&102F3D2&0&0005"
"High Definition Audio Controller","Microsoft","10.0.26100.8521","hdaudbus.inf","PCI\VEN_1022&DEV_15E3&SUBSYS_3E001043&REV_00\4&16012499&0&0641"
"High Definition Audio Controller","Microsoft","10.0.26100.8521","hdaudbus.inf","PCI\VEN_10DE&DEV_22EB&SUBSYS_000010DE&REV_A1\4&36FEF57B&0&0109"
"High precision event timer","(Standard system devices)","10.0.26100.1150","machine.inf","ACPI\PNP0103\2&DABA3FF&0"
"I2C HID Device","Microsoft","10.0.26100.8521","hidi2c.inf","ACPI\ASUP1203\1"
"Integrated Camera","Sonix","10.16.19041.10","oem107.inf","USB\VID_3277&PID_0010&MI_00\7&DF5034D&0&0000"
"ITE PD","ITE","10.1.2.3","oem140.inf","UEFI\RES_{451D8B92-C0A1-310D-84AE-77F85C8A6E51}\0"
"Local Print Queue","Microsoft","10.0.26100.1","printqueue.inf","SWD\PRINTENUM\{070D62C6-0F45-4A35-9814-D50A5D030A6C}"
"Local Print Queue","Microsoft","10.0.26100.1","printqueue.inf","SWD\PRINTENUM\{DF5A35B5-7905-4383-A67B-0236AFB37485}"
"Local Print Queue","Microsoft","10.0.26100.1","printqueue.inf","SWD\PRINTENUM\PRINTQUEUES"
"MediaTek Bluetooth Adapter","Mediatek Inc.","1.1045.2.567","oem112.inf","USB\VID_0489&PID_E0F6&MI_00\7&16AFF0D1&0&0000"
"MediaTek Bluetooth Audio Device","Mediatek Inc.","1.5.0.46","oem109.inf","SWD\DRIVERENUM\MTKBTACX&8&182CDD2&0"
"MediaTek Wi-Fi 6E MT7922 (RZ616) 160MHz Wireless LAN Card","MediaTek, Inc.","3.5.2.1376","oem120.inf","PCI\VEN_14C3&DEV_0616&SUBSYS_E0DF105B&REV_00\4&7F63313&0&000F"
"Microsoft AC Adapter","Microsoft","10.0.26100.8655","cmbatt.inf","ACPI\ACPI0003\4&2CA764C4&0"
"Microsoft ACPI-Compliant Control Method Battery","Microsoft","10.0.26100.8655","cmbatt.inf","ACPI\PNP0C0A\1"
"Microsoft ACPI-Compliant Embedded Controller","(Standard system devices)","10.0.26100.1150","machine.inf","ACPI\PNP0C09\4&2CA764C4&0"
"Microsoft ACPI-Compliant System","Microsoft","10.0.26100.8521","acpi.inf","ACPI_HAL\PNP0C08\0"
"Microsoft Basic Display Driver","(Standard display types)","10.0.26100.8521","basicdisplay.inf","ROOT\BASICDISPLAY\0000"
"Microsoft Basic Render Driver","Microsoft","10.0.26100.8521","basicrender.inf","ROOT\BASICRENDER\0000"
"Microsoft Bluetooth Enumerator","Microsoft","10.0.26100.8875","bth.inf","BTH\MS_BTHBRB\8&182CDD2&0&1"
"Microsoft Bluetooth LE Enumerator","Microsoft","10.0.26100.8737","bthleenum.inf","BTH\MS_BTHLE\8&182CDD2&0&3"
"Microsoft Hyper-V Virtualization Infrastructure Driver","Microsoft","10.0.26100.8521","wvid.inf","ROOT\VID\0000"
"Microsoft Hypervisor Service","Microsoft","10.0.26100.8737","hvservice.inf","ROOT\HVSERVICE\0000"
"Microsoft Input Configuration Device","Microsoft","10.0.26100.1150","mtconfig.inf","HID\ASUP1203&COL03\4&312A035&0&0002"
"Microsoft Kernel Debug Network Adapter","Microsoft","10.0.26100.8521","kdnic.inf","ROOT\KDNIC\0000"
"Microsoft Pluton Processor","(Standard)","10.0.26100.8521","hsp.inf","ACPI\MSFT0200\1"
"Microsoft Storage Spaces Controller","Microsoft","10.0.26100.8875","spaceport.inf","ROOT\SPACEPORT\0000"
"Microsoft Streaming Service Proxy","Microsoft","10.0.26100.1","ksfilter.inf","SW\{96E080C7-143C-11D1-B40F-00A0C9223196}\{3C0D501A-140B-11D1-B40F-00A0C9223196}"
"Microsoft System Management BIOS Driver","(Standard system devices)","10.0.26100.1","mssmbios.inf","ROOT\MSSMBIOS\0000"
"Microsoft UEFI-Compliant System","Microsoft","10.0.26100.8737","uefi.inf","ACPI_HAL\UEFI\0"
"Microsoft Virtual Drive Enumerator","Microsoft","10.0.26100.1591","vdrvroot.inf","ROOT\VDRVROOT\0000"
"Microsoft Wi-Fi Direct Virtual Adapter","Microsoft","10.0.26100.8521","netvwifimp.inf","{5D624F94-8850-40C3-A3FA-A4FD2080BAF3}\VWIFIMP_WFD\5&34745171&0&12"
"Microsoft Wi-Fi Direct Virtual Adapter","Microsoft","10.0.26100.8521","netvwifimp.inf","{5D624F94-8850-40C3-A3FA-A4FD2080BAF3}\VWIFIMP_WFD\5&34745171&0&11"
"Microsoft Windows Management Interface for ACPI","Microsoft","10.0.26100.1150","wmiacpi.inf","ACPI\PNP0C14\ITKS"
"Microsoft Windows Management Interface for ACPI","Microsoft","10.0.26100.1150","wmiacpi.inf","ACPI\PNP0C14\AHWM"
"Microsoft Windows Management Interface for ACPI","Microsoft","10.0.26100.1150","wmiacpi.inf","ACPI\PNP0C14\ATK"
"Microsoft Windows Management Interface for ACPI","Microsoft","10.0.26100.1150","wmiacpi.inf","ACPI\PNP0C14\0X00"
"Microsoft Windows Management Interface for ACPI","Microsoft","10.0.26100.1150","wmiacpi.inf","ACPI\PNP0C14\AOD"
"Motherboard resources","(Standard system devices)","10.0.26100.1150","machine.inf","ACPI\PNP0C02\4&16012499&0"
"Motherboard resources","(Standard system devices)","10.0.26100.1150","machine.inf","ACPI\PNP0C02\700"
"Motherboard resources","(Standard system devices)","10.0.26100.1150","machine.inf","ACPI\PNP0C02\15"
"Motherboard resources","(Standard system devices)","10.0.26100.1150","machine.inf","ACPI\PNP0C02\8B"
"Motherboard resources","(Standard system devices)","10.0.26100.1150","machine.inf","ACPI\PNP0C02\8C"
"Motherboard resources","(Standard system devices)","10.0.26100.1150","machine.inf","ACPI\PNP0C02\14"
"My Passport 071A","WD      ","10.0.26100.5074","wpdfs.inf","SWD\WPDBUSENUM\{BA1A9A57-912D-11F1-A556-4845E634A062}#0000000000100000"
"NDIS Virtual Network Adapter Enumerator","Microsoft","10.0.26100.1","ndisvirtualbus.inf","ROOT\NDISVIRTUALBUS\0000"
"NVIDIA GeForce RTX 5070 Laptop GPU","NVIDIA","32.0.15.9197","oem135.inf","PCI\VEN_10DE&DEV_2D58&SUBSYS_3AA81043&REV_A1\9241E330032DB04800"
"NVIDIA High Definition Audio","Microsoft","1.4.5.7","oem136.inf","HDAUDIO\FUNC_01&VEN_10DE&DEV_00AD&SUBSYS_10DE0000&REV_1001\5&C4054B1&0&0001"
"NVIDIA Platform Controllers and Framework","NVIDIA","32.0.15.9071","oem137.inf","ACPI\NVDA0820\NPCF"
"NVIDIA Virtual Audio Device (Wave Extensible) (WDM)","Microsoft","4.65.0.3","oem36.inf","ROOT\UNNAMED_DEVICE\0000"
"PCI Express Downstream Switch Port","(Standard system devices)","10.0.26100.8737","pci.inf","PCI\VEN_1B21&DEV_2423&SUBSYS_20AF1043&REV_01\451ECAFFFF5177A000"
"PCI Express Downstream Switch Port","(Standard system devices)","10.0.26100.8737","pci.inf","PCI\VEN_1B21&DEV_2423&SUBSYS_20AF1043&REV_01\451ECAFFFF5177A010"
"PCI Express Downstream Switch Port","(Standard system devices)","10.0.26100.8737","pci.inf","PCI\VEN_1B21&DEV_2423&SUBSYS_20AF1043&REV_01\451ECAFFFF5177A008"
"PCI Express Downstream Switch Port","(Standard system devices)","10.0.26100.8737","pci.inf","PCI\VEN_1B21&DEV_2423&SUBSYS_20AF1043&REV_01\451ECAFFFF5177A018"
"PCI Express Root Complex","(Standard system devices)","10.0.26100.8737","pci.inf","ACPI\PNP0A08\0"
"PCI Express Root Port","(Standard system devices)","10.0.26100.8737","pci.inf","PCI\VEN_1022&DEV_14DB&SUBSYS_10541043&REV_00\3&11583659&0&0A"
"PCI Express Root Port","(Standard system devices)","10.0.26100.8737","pci.inf","PCI\VEN_1022&DEV_14DB&SUBSYS_10541043&REV_00\3&11583659&0&0F"
"PCI Express Root Port","(Standard system devices)","10.0.26100.8737","pci.inf","PCI\VEN_1022&DEV_14DB&SUBSYS_10541043&REV_00\3&11583659&0&0E"
"PCI Express Root Port","(Standard system devices)","10.0.26100.8737","pci.inf","PCI\VEN_1022&DEV_14DD&SUBSYS_14DD1022&REV_00\3&11583659&0&41"
"PCI Express Root Port","(Standard system devices)","10.0.26100.8737","pci.inf","PCI\VEN_1022&DEV_14DB&SUBSYS_10541043&REV_00\3&11583659&0&11"
"PCI Express Root Port","(Standard system devices)","10.0.26100.8737","pci.inf","PCI\VEN_1022&DEV_14DB&SUBSYS_10541043&REV_00\3&11583659&0&09"
"PCI Express Root Port","(Standard system devices)","10.0.26100.8737","pci.inf","PCI\VEN_1022&DEV_14DD&SUBSYS_14DD1022&REV_00\3&11583659&0&43"
"PCI Express Upstream Switch Port","(Standard system devices)","10.0.26100.8737","pci.inf","PCI\VEN_1B21&DEV_2421&SUBSYS_20AF1043&REV_01\U451ECAFFFF5177A000"
"PCI standard host CPU bridge","(Standard system devices)","10.0.26100.1150","machine.inf","PCI\VEN_1022&DEV_14D8&SUBSYS_10541043&REV_00\3&11583659&0&00"
"PCI standard host CPU bridge","(Standard system devices)","10.0.26100.1150","machine.inf","PCI\VEN_1022&DEV_14DA&SUBSYS_00000000&REV_00\3&11583659&0&20"
"PCI standard host CPU bridge","(Standard system devices)","10.0.26100.1150","machine.inf","PCI\VEN_1022&DEV_14DA&SUBSYS_00000000&REV_00\3&11583659&0&40"
"PCI standard host CPU bridge","(Standard system devices)","10.0.26100.1150","machine.inf","PCI\VEN_1022&DEV_14DA&SUBSYS_00000000&REV_00\3&11583659&0&08"
"PCI standard host CPU bridge","(Standard system devices)","10.0.26100.1150","machine.inf","PCI\VEN_1022&DEV_14E4&SUBSYS_00000000&REV_00\3&11583659&0&C4"
"PCI standard host CPU bridge","(Standard system devices)","10.0.26100.1150","machine.inf","PCI\VEN_1022&DEV_14E3&SUBSYS_00000000&REV_00\3&11583659&0&C3"
"PCI standard host CPU bridge","(Standard system devices)","10.0.26100.1150","machine.inf","PCI\VEN_1022&DEV_14E5&SUBSYS_00000000&REV_00\3&11583659&0&C5"
"PCI standard host CPU bridge","(Standard system devices)","10.0.26100.1150","machine.inf","PCI\VEN_1022&DEV_14E6&SUBSYS_00000000&REV_00\3&11583659&0&C6"
"PCI standard host CPU bridge","(Standard system devices)","10.0.26100.1150","machine.inf","PCI\VEN_1022&DEV_14DA&SUBSYS_00000000&REV_00\3&11583659&0&10"
"PCI standard host CPU bridge","(Standard system devices)","10.0.26100.1150","machine.inf","PCI\VEN_1022&DEV_14E7&SUBSYS_00000000&REV_00\3&11583659&0&C7"
"PCI standard host CPU bridge","(Standard system devices)","10.0.26100.1150","machine.inf","PCI\VEN_1022&DEV_14DA&SUBSYS_00000000&REV_00\3&11583659&0&18"
"PCI standard host CPU bridge","(Standard system devices)","10.0.26100.1150","machine.inf","PCI\VEN_1022&DEV_14E0&SUBSYS_00000000&REV_00\3&11583659&0&C0"
"PCI standard host CPU bridge","(Standard system devices)","10.0.26100.1150","machine.inf","PCI\VEN_1022&DEV_14E2&SUBSYS_00000000&REV_00\3&11583659&0&C2"
"PCI standard host CPU bridge","(Standard system devices)","10.0.26100.1150","machine.inf","PCI\VEN_1022&DEV_14E1&SUBSYS_00000000&REV_00\3&11583659&0&C1"
"PCI standard ISA bridge","(Standard system devices)","10.0.26100.1150","machine.inf","PCI\VEN_1022&DEV_790E&SUBSYS_10541043&REV_51\3&11583659&0&A3"
"PIXART TouchPad","PIXART","10.1.2.3","oem141.inf","UEFI\RES_{2E392F2C-1F76-3DA9-9953-344F44215CDC}\0"
"Plug and Play Software Device Enumerator","(Standard system devices)","10.0.26100.4202","swenum.inf","ROOT\SYSTEM\0000"
"Programmable interrupt controller","(Standard system devices)","10.0.26100.1150","machine.inf","ACPI\PNP0000\4&2CA764C4&0"
"Realtek Asio Component","Realtek","1.0.13.1","oem88.inf","SWD\DRIVERENUM\{C3A63EDD-2D27-4B66-B155-5E94B43D926A}#REALTEKASIO&6&2A60BCD6&0"
"Realtek Audio Effects Component","Realtek","13.3529.1929.638","oem126.inf","SWD\DRIVERENUM\{C3A63EDD-2D27-4B66-B155-5E94B43D926A}#REALTEKAPO&6&2A60BCD6&0"
"Realtek Audio Effects Component","Realtek","13.3529.1929.638","oem126.inf","SWD\DRIVERENUM\{C3A63EDD-2D27-4B66-B155-5E94B43D926A}#REALTEKINTAPO&6&2A60BCD6&0"
"Realtek Audio Universal Service","Realtek","1.0.898.8","oem123.inf","SWD\DRIVERENUM\{C3A63EDD-2D27-4B66-B155-5E94B43D926A}#REALTEKSRV&6&2A60BCD6&0"
"Realtek Hardware Support Application","Realtek","11.0.6000.376","oem121.inf","SWD\DRIVERENUM\{C3A63EDD-2D27-4B66-B155-5E94B43D926A}#REALTEKHSA&6&2A60BCD6&0"
"Realtek High Definition Audio","Microsoft","6.0.9885.1","oem142.inf","HDAUDIO\FUNC_01&VEN_10EC&DEV_0294&SUBSYS_10433E00&REV_1000\5&1E220BA&0&0001"
"Realtek OVWrap2 Component","Realtek","11.0.6000.50","oem124.inf","SWD\DRIVERENUM\{C3A63EDD-2D27-4B66-B155-5E94B43D926A}#REALTEKOVWRAP2&6&2A60BCD6&0"
"Realtek PCIe GbE Family Controller","Realtek","1168.20.729.2024","oem5.inf","PCI\VEN_10EC&DEV_8168&SUBSYS_208F1043&REV_15\01000000684CE00000"
"Remote Desktop Device Redirector Bus","Microsoft","10.0.26100.8737","rdpbus.inf","ROOT\RDPBUS\0000"
"ROG Strix G18 UEFI","ASUSTeK COMPUTER INC.","10.1.2.316","oem122.inf","UEFI\RES_{3C1D5B77-21FF-5ADB-830B-72B56DD19B4F}\0"
"Standard NVM Express Controller","Standard NVM Express Controller","10.0.26100.8737","stornvme.inf","PCI\VEN_1344&DEV_5425&SUBSYS_21001344&REV_01\4&2333C5A6&0&000A"
"System CMOS/real time clock","(Standard system devices)","10.0.26100.1150","machine.inf","ACPI\PNP0B00\4&2CA764C4&0"
"System speaker","(Standard system devices)","10.0.26100.1150","machine.inf","ACPI\PNP0800\4&2CA764C4&0"
"System timer","(Standard system devices)","10.0.26100.1150","machine.inf","ACPI\PNP0100\4&2CA764C4&0"
"Trusted Platform Module 2.0","(Standard)","10.0.26100.8521","tpm.inf","ACPI\MSFT0101\1"
"UCM-UCSI ACPI Device","Microsoft","10.0.26100.8521","ucmucsiacpiclient.inf","ACPI\USBC000\0"
"UMBus Root Bus Enumerator","Microsoft","10.0.26100.1150","umbus.inf","ROOT\UMBUS\0000"
"USB Composite Device","(Standard USB Host Controller)","10.0.26100.8737","usb.inf","USB\VID_0489&PID_E0F6\000000000"
"USB Composite Device","(Standard USB Host Controller)","10.0.26100.8737","usb.inf","USB\VID_0B05&PID_19B6\6&1CEE51E0&0&1"
"USB Composite Device","(Standard USB Host Controller)","10.0.26100.8737","usb.inf","USB\VID_3277&PID_0010\SN0001"
"USB Input Device","(Standard system devices)","10.0.26100.8875","input.inf","USB\VID_0B05&PID_19B6&MI_00\7&9BAA2FC&0&0000"
"USB Input Device","(Standard system devices)","10.0.26100.8875","input.inf","USB\VID_0B05&PID_19B6&MI_01\7&9BAA2FC&0&0001"
"USB Mass Storage Device","Compatible USB storage device","10.0.26100.8521","usbstor.inf","USB\VID_1058&PID_071A\575838314136303931323237"
"USB Root Hub (USB 3.0)","(Standard USB HUBs)","10.0.26100.8737","usbhub3.inf","USB\ROOT_HUB30\5&1BCC52D3&0&0"
"USB Root Hub (USB 3.0)","(Standard USB HUBs)","10.0.26100.8737","usbhub3.inf","USB\ROOT_HUB30\7&2D8DAE92&0&0"
"USB Root Hub (USB 3.0)","(Standard USB HUBs)","10.0.26100.8737","usbhub3.inf","USB\ROOT_HUB30\5&1D2D771E&0&0"
"USB Root Hub (USB 3.0)","(Standard USB HUBs)","10.0.26100.8737","usbhub3.inf","USB\ROOT_HUB30\5&6148D45&0&0"
"USB xHCI Compliant Host Controller","Generic USB xHCI Host Controller","10.0.26100.8875","usbxhci.inf","PCI\VEN_1022&DEV_15B7&SUBSYS_201F1043&REV_00\4&16012499&0&0441"
"USB xHCI Compliant Host Controller","Generic USB xHCI Host Controller","10.0.26100.8875","usbxhci.inf","PCI\VEN_1B21&DEV_2426&SUBSYS_20AF1043&REV_01\451ECAFFFF5177A000"
"USB xHCI Compliant Host Controller","Generic USB xHCI Host Controller","10.0.26100.8875","usbxhci.inf","PCI\VEN_1022&DEV_15B8&SUBSYS_201F1043&REV_00\4&2C288D56&0&0043"
"USB xHCI Compliant Host Controller","Generic USB xHCI Host Controller","10.0.26100.8875","usbxhci.inf","PCI\VEN_1022&DEV_15B6&SUBSYS_201F1043&REV_00\4&16012499&0&0341"
"USB4 Root Router","Generic USB4 Device Router","10.0.26100.8737","usb4devicerouter.inf","USB4\ROOT_DEVICE_ROUTER&VID_1B21&PID_2425\7&773ED73&0&0"
"USB4 Virtual power coordination device",,,,"USB4\VIRTUAL_POWER_PDO\7&773ED73&0&0"
"USB4(TM) Host Router (Microsoft)","Generic USB4 Host Router","10.0.26100.8737","usb4hostrouter.inf","PCI\VEN_1B21&DEV_2425&SUBSYS_20AF1043&REV_01&USB4_MS_CM\451ECAFFFF5177A000"
"Voice Clarity","Microsoft Corporation","1.0.4.7057","oem108.inf","SWD\DRIVERENUM\{96BEDF2C-18CB-4A15-B821-5E95ED0FEA61}#VOCAEFFECTPACK&1&2ACC2721&0"
"Volume","Microsoft","10.0.26100.5074","volume.inf","STORAGE\VOLUME\{22F7D494-C298-11F0-A53D-806E6F6E6963}#000000E72F600000"
"Volume","Microsoft","10.0.26100.5074","volume.inf","STORAGE\VOLUME\{22F7D494-C298-11F0-A53D-806E6F6E6963}#000000E767600000"
"Volume","Microsoft","10.0.26100.5074","volume.inf","STORAGE\VOLUME\{22F7D494-C298-11F0-A53D-806E6F6E6963}#0000000011500000"
"Volume","Microsoft","10.0.26100.5074","volume.inf","STORAGE\VOLUME\{22F7D494-C298-11F0-A53D-806E6F6E6963}#0000000000100000"
"Volume","Microsoft","10.0.26100.5074","volume.inf","STORAGE\VOLUME\{22F7D494-C298-11F0-A53D-806E6F6E6963}#0000000010500000"
"Volume","Microsoft","10.0.26100.5074","volume.inf","STORAGE\VOLUME\{BA1A9A57-912D-11F1-A556-4845E634A062}#0000000000100000"
"Volume","Microsoft","10.0.26100.5074","volume.inf","STORAGE\VOLUME\{22F7D494-C298-11F0-A53D-806E6F6E6963}#000000EE67600000"
"Volume Manager","Microsoft","10.0.26100.8521","volmgr.inf","ROOT\VOLMGR\0000"
"WAN Miniport (IKEv2)","Microsoft","10.0.26100.1","netavpna.inf","SWD\MSRRAS\MS_AGILEVPNMINIPORT"
"WAN Miniport (IP)","Microsoft","10.0.26100.1","netrasa.inf","SWD\MSRRAS\MS_NDISWANIP"
"WAN Miniport (IPv6)","Microsoft","10.0.26100.1","netrasa.inf","SWD\MSRRAS\MS_NDISWANIPV6"
"WAN Miniport (L2TP)","Microsoft","10.0.26100.1","netrasa.inf","SWD\MSRRAS\MS_L2TPMINIPORT"
"WAN Miniport (Network Monitor)","Microsoft","10.0.26100.1","netrasa.inf","SWD\MSRRAS\MS_NDISWANBH"
"WAN Miniport (PPPOE)","Microsoft","10.0.26100.1","netrasa.inf","SWD\MSRRAS\MS_PPPOEMINIPORT"
"WAN Miniport (PPTP)","Microsoft","10.0.26100.1","netrasa.inf","SWD\MSRRAS\MS_PPTPMINIPORT"
"WAN Miniport (SSTP)","Microsoft","10.0.26100.1","netsstpa.inf","SWD\MSRRAS\MS_SSTPMINIPORT"
"WD SES Device","Western Digital Technologies","4.55.25.661","oem143.inf","USBSTOR\OTHER&VEN_WD&PROD_SES_DEVICE&REV_2011\575838314136303931323237&1"
"WinUsb Device","WinUsb Device","10.0.26100.8875","winusb.inf","USB\VID_3277&PID_0010&MI_02\7&DF5034D&0&0002"
