"Module Name","Display Name","Description","Driver Type","Start Mode","State","Status","Accept Stop","Accept Pause","Paged Pool(bytes)","Code(bytes)","BSS(bytes)","Link Date","Path","Init(bytes)"
"1394ohci","1394 OHCI Compliant Host Controller","1394 OHCI Compliant Host Controller","Kernel ","Manual","Stopped","OK","FALSE","FALSE","4,096","229,376","0","","C:\Windows\system32\drivers\1394ohci.sys","4,096"
"3ware","3ware","3ware","Kernel ","Manual","Stopped","OK","FALSE","FALSE","0","81,920","0","5/18/2015 3:28:03 PM","C:\Windows\system32\drivers\3ware.sys","4,096"
"ACPI","Microsoft ACPI Driver","Microsoft ACPI Driver","Kernel ","Boot","Running","OK","TRUE","FALSE","184,320","466,944","0","","C:\Windows\system32\drivers\ACPI.sys","24,576"
"AcpiAudioCompositorInbox","ACPI Audio Compositor Driver","ACPI Audio Compositor Driver","Kernel ","Manual","Stopped","OK","FALSE","FALSE","45,056","16,384","0","","C:\Windows\system32\DriverStore\FileRepository\acpiaudiocompositor.inf_amd64_047f553a6f70b169\AcpiAudioCompositor.sys","4,096"
"AcpiDev","ACPI Devices driver","ACPI Devices driver","Kernel ","Manual","Stopped","OK","FALSE","FALSE","12,288","12,288","0","","C:\Windows\system32\drivers\AcpiDev.sys","4,096"
"acpiex","Microsoft ACPIEx Driver","Microsoft ACPIEx Driver","Kernel ","Boot","Running","OK","TRUE","FALSE","49,152","73,728","0","","C:\Windows\system32\Drivers\acpiex.sys","4,096"
"acpipagr","ACPI Processor Aggregator Driver","ACPI Processor Aggregator Driver","Kernel ","Manual","Running","OK","TRUE","FALSE","4,096","8,192","0","","C:\Windows\system32\DriverStore\FileRepository\acpipagr.inf_amd64_d1093347a27ff89c\acpipagr.sys","4,096"
"AcpiPmi","ACPI Power Meter Driver","ACPI Power Meter Driver","Kernel ","Manual","Stopped","OK","FALSE","FALSE","8,192","8,192","0","","C:\Windows\system32\DriverStore\FileRepository\acpipmi.inf_amd64_3ced06eb61dcc792\acpipmi.sys","4,096"
"acpitime","ACPI Wake Alarm Driver","ACPI Wake Alarm Driver","Kernel ","Manual","Stopped","OK","FALSE","FALSE","8,192","12,288","0","","C:\Windows\system32\drivers\acpitime.sys","4,096"
"Acx01000","Acx01000","Acx01000","Kernel ","Manual","Running","OK","TRUE","FALSE","507,904","139,264","0","","C:\Windows\system32\drivers\Acx01000.sys","4,096"
"ADP80XX","ADP80XX","ADP80XX","Kernel ","Manual","Stopped","OK","FALSE","FALSE","0","1,101,824","0","4/9/2015 1:49:48 PM","C:\Windows\system32\drivers\ADP80XX.SYS","4,096"
"AFD","Ancillary Function Driver for Winsock","Ancillary Function Driver for Winsock","Kernel ","System","Running","OK","TRUE","FALSE","12,288","495,616","0","","C:\Windows\system32\drivers\afd.sys","4,096"
"afunix","afunix","afunix","Kernel ","System","Running","OK","TRUE","FALSE","28,672","12,288","0","","C:\Windows\system32\drivers\afunix.sys","4,096"
"ahcache","Application Compatibility Cache","Application Compatibility Cache","Kernel ","System","Running","OK","TRUE","FALSE","208,896","36,864","0","","C:\Windows\system32\DRIVERS\ahcache.sys","4,096"
"amdacpbus","Audio Coprocessr Driver for DSP","Audio Coprocessr Driver for DSP","Kernel ","Manual","Running","OK","TRUE","FALSE","8,192","942,080","0","11/30/2025 6:56:38 PM","C:\Windows\system32\DriverStore\FileRepository\amdacpbus.inf_amd64_1ccae5bfaf9bcadf\amdacpbus.sys","4,096"
"amdfendr","AMD Crash Defender Driver","AMD Crash Defender Driver","Kernel ","Manual","Running","OK","TRUE","FALSE","4,096","253,952","0","2/6/2026 9:18:56 AM","C:\Windows\system32\DriverStore\FileRepository\amdfendr.inf_amd64_bea53a1d416fbcfa\amdfendr.sys","8,192"
"amdfendrmgr","AMD Crash Defender Manager Driver","AMD Crash Defender Manager Driver","Kernel ","Manual","Running","OK","TRUE","FALSE","4,096","8,192","0","2/6/2026 9:19:11 AM","C:\Windows\system32\DriverStore\FileRepository\amdfendr.inf_amd64_bea53a1d416fbcfa\amdfendrmgr.sys","4,096"
"amdgpio2","AMD GPIO Client Driver","AMD GPIO Client Driver","Kernel ","Manual","Running","OK","TRUE","FALSE","4,096","20,480","0","8/19/2024 11:25:33 PM","C:\Windows\system32\drivers\amdgpio2.sys","4,096"
"amdi2c","AMD I2C Controller Service","AMD I2C Controller Service","Kernel ","Manual","Running","OK","TRUE","FALSE","4,096","53,248","0","8/20/2024 5:33:09 AM","C:\Windows\system32\drivers\amdi2c.sys","4,096"
"AmdK8","AMD K8 Processor Driver","AMD K8 Processor Driver","Kernel ","Manual","Stopped","OK","FALSE","FALSE","122,880","57,344","0","","C:\Windows\system32\drivers\amdk8.sys","12,288"
"AmdMicroPEP","AMD Micro PEP Device","AMD Micro PEP Device","Kernel ","Boot","Running","OK","TRUE","FALSE","4,096","200,704","0","7/29/2024 10:45:45 AM","C:\Windows\system32\drivers\AmdMicroPEP.sys","4,096"
"AmdPpkg","AMD Provisioning Packages","AMD Provisioning Packages","Kernel ","Manual","Running","OK","TRUE","FALSE","4,096","4,096","0","2/11/2025 2:00:22 AM","C:\Windows\system32\DriverStore\FileRepository\amdppkg.inf_amd64_d1a556aa4a3f57d0\AmdPpkg.sys","4,096"
"AmdPPM","AMD Processor Driver","AMD Processor Driver","Kernel ","Manual","Running","OK","TRUE","FALSE","131,072","61,440","0","","C:\Windows\system32\drivers\amdppm.sys","12,288"
"amdpsp","AMD PSP Service","AMD PSP Service","Kernel ","Boot","Running","OK","TRUE","FALSE","4,096","24,576","0","1/27/2025 1:48:16 PM","C:\Windows\system32\drivers\amdpsp.sys","4,096"
"amdsata","amdsata","amdsata","Kernel ","Manual","Stopped","OK","FALSE","FALSE","0","61,440","0","5/14/2015 5:14:52 AM","C:\Windows\system32\drivers\amdsata.sys","4,096"
"amdsbs","amdsbs","amdsbs","Kernel ","Manual","Stopped","OK","FALSE","FALSE","0","229,376","0","12/11/2012 1:21:44 PM","C:\Windows\system32\drivers\amdsbs.sys","4,096"
"amduw23g","amduw23g","amduw23g","Kernel ","Manual","Stopped","OK","FALSE","FALSE","91,017,216","8,216,576","0","5/20/2025 12:07:14 AM","C:\Windows\system32\DriverStore\FileRepository\u0415926.inf_amd64_a394a032a0eb82e6\B415813\amdkmdag.sys","12,288"
"amduw23g-200701-6d76327a","amduw23g-200701-6d76327a","amduw23g-200701-6d76327a","Kernel ","Manual","Running","OK","TRUE","FALSE","82,767,872","7,950,336","0","5/7/2026 4:46:21 AM","C:\Windows\system32\DriverStore\FileRepository\u0200701.inf_amd64_7988a465904fc9cd\B026025\amdkmdag.sys","12,288"
"amdwps","AMD Workload Profiling Scheduling Driver","AMD Workload Profiling Scheduling Driver","Kernel ","Boot","Running","OK","TRUE","FALSE","8,192","12,288","0","","C:\Windows\system32\drivers\amdwps.sys","4,096"
"amdxata","amdxata","amdxata","Kernel ","Manual","Stopped","OK","FALSE","FALSE","8,192","4,096","0","4/30/2015 5:55:35 PM","C:\Windows\system32\drivers\amdxata.sys","4,096"
"amd_dpfc","AMD_DPFC Service","AMD_DPFC Service","Kernel ","Auto","Running","OK","TRUE","FALSE","8,192","12,288","0","8/18/2024 9:14:16 PM","C:\Windows\system32\DriverStore\FileRepository\nvam.inf_amd64_f4055935b7e74c91\amd_dpfc.sys","4,096"
"AppID","AppID Driver","AppID Driver","Kernel ","Manual","Running","OK","TRUE","FALSE","102,400","32,768","0","","C:\Windows\system32\drivers\appid.sys","8,192"
"AppleSSD","Apple Solid State Drive Device","Apple Solid State Drive Device","Kernel ","Manual","Stopped","OK","FALSE","FALSE","0","86,016","0","11/11/2019 1:24:17 PM","C:\Windows\system32\drivers\AppleSSD.sys","4,096"
"applockerfltr","Smartlocker Filter Driver","Smartlocker Filter Driver","Kernel ","Manual","Running","OK","TRUE","FALSE","8,192","12,288","0","","C:\Windows\system32\drivers\applockerfltr.sys","4,096"
"arcsas","Adaptec SAS/SATA-II RAID Storport's Miniport Driver","Adaptec SAS/SATA-II RAID Storport's Miniport Driver","Kernel ","Manual","Stopped","OK","FALSE","FALSE","0","110,592","0","4/9/2015 12:12:07 PM","C:\Windows\system32\drivers\arcsas.sys","4,096"
"AsusPTPDrv","ASUS Precision Touch Service","ASUS Precision Touch Service","Kernel ","Manual","Running","OK","TRUE","FALSE","4,096","159,744","0","12/18/2025 11:32:04 PM","C:\Windows\system32\DriverStore\FileRepository\asusptpfilter.inf_amd64_34d437dd6153b8a7\AsusPTPFilter.sys","4,096"
"AsusSAIO","AsusSAIO","AsusSAIO","Kernel ","Manual","Running","OK","TRUE","FALSE","4,096","12,288","0","2/4/2025 7:32:25 PM","C:\Windows\system32\DriverStore\FileRepository\asussci2.inf_amd64_3642f6b2eb6cd5d1\ASUSSystemAnalysis\AsusSAIO.sys","4,096"
"AsyncMac","RAS Asynchronous Media Driver","RAS Asynchronous Media Driver","Kernel ","Manual","Stopped","OK","FALSE","FALSE","0","24,576","0","","C:\Windows\system32\drivers\asyncmac.sys","4,096"
"atapi","IDE Channel","IDE Channel","Kernel ","Manual","Stopped","OK","FALSE","FALSE","0","20,480","0","","C:\Windows\system32\drivers\atapi.sys","4,096"
"ATKWMIACPIIO","ATKWMIACPI Driver","ATKWMIACPI Driver","Kernel ","System","Running","OK","TRUE","FALSE","4,096","12,288","0","2/11/2026 11:55:23 PM","C:\Windows\system32\DriverStore\FileRepository\asussci2.inf_amd64_3642f6b2eb6cd5d1\ASUSOptimization\AsusWmiAcpi.sys","4,096"
"b06bdrv","QLogic Network Adapter VBD","QLogic Network Adapter VBD","Kernel ","Manual","Stopped","OK","FALSE","FALSE","0","221,184","0","5/25/2016 12:03:08 AM","C:\Windows\system32\drivers\bxvbda.sys","4,096"
"bam","Background Activity Moderator Driver","Background Activity Moderator Driver","Kernel ","System","Running","OK","TRUE","FALSE","49,152","16,384","0","","C:\Windows\system32\drivers\bam.sys","4,096"
"BasicDisplay","BasicDisplay","BasicDisplay","Kernel ","System","Running","OK","TRUE","FALSE","45,056","16,384","0","","C:\Windows\system32\DriverStore\FileRepository\basicdisplay.inf_amd64_9f34636ebdd89def\BasicDisplay.sys","4,096"
"BasicRender","BasicRender","BasicRender","Kernel ","System","Running","OK","TRUE","FALSE","4,096","32,768","0","","C:\Windows\system32\DriverStore\FileRepository\basicrender.inf_amd64_398debb686d62c0f\BasicRender.sys","4,096"
"bcmfn2","bcmfn2 Service","bcmfn2 Service","Kernel ","Manual","Stopped","OK","FALSE","FALSE","4,096","4,096","0","10/31/2016 7:09:15 PM","C:\Windows\system32\drivers\bcmfn2.sys","4,096"
"Beep","Beep","Beep","Kernel ","System","Running","OK","TRUE","FALSE","0","4,096","0","","C:\Windows\system32\drivers\Beep.sys","4,096"
"bfs","Brokering File System","Brokering File System","File System ","Auto","Running","OK","TRUE","FALSE","4,096","94,208","0","","C:\Windows\system32\drivers\bfs.sys","4,096"
"bindflt","Windows Bind Filter Driver","Windows Bind Filter Driver","File System ","Auto","Running","OK","TRUE","FALSE","98,304","32,768","0","","C:\Windows\system32\drivers\bindflt.sys","4,096"
"bowser","Browser","Browser","File System ","Manual","Running","OK","TRUE","FALSE","77,824","32,768","0","","C:\Windows\system32\DRIVERS\bowser.sys","4,096"
"BthA2dp","Microsoft Bluetooth A2dp driver","Microsoft Bluetooth A2dp driver","Kernel ","Manual","Stopped","OK","FALSE","FALSE","81,920","380,928","0","","C:\Windows\system32\drivers\BthA2dp.sys","4,096"
"BthEnum","Bluetooth Enumerator Service","Bluetooth Enumerator Service","Kernel ","Manual","Running","OK","TRUE","FALSE","32,768","36,864","0","","C:\Windows\system32\drivers\BthEnum.sys","4,096"
"BthHFEnum","Microsoft Bluetooth Hands-Free Profile driver","Microsoft Bluetooth Hands-Free Profile driver","Kernel ","Manual","Stopped","OK","FALSE","FALSE","32,768","106,496","0","","C:\Windows\system32\drivers\bthhfenum.sys","4,096"
"BthLEEnum","Bluetooth Low Energy Driver","Bluetooth Low Energy Driver","Kernel ","Manual","Running","OK","TRUE","FALSE","65,536","36,864","0","","C:\Windows\system32\drivers\Microsoft.Bluetooth.Legacy.LEEnumerator.sys","4,096"
"BthMini","Bluetooth Radio Driver","Bluetooth Radio Driver","Kernel ","Manual","Stopped","OK","FALSE","FALSE","12,288","24,576","0","","C:\Windows\system32\drivers\BTHMINI.sys","4,096"
"BTHMODEM","Bluetooth Modem Communications Driver","Bluetooth Modem Communications Driver","Kernel ","Manual","Stopped","OK","FALSE","FALSE","12,288","57,344","0","","C:\Windows\system32\drivers\bthmodem.sys","4,096"
"BthPan","Bluetooth Device (Personal Area Network)","Bluetooth Device (Personal Area Network)","Kernel ","Manual","Running","OK","TRUE","FALSE","12,288","106,496","0","","C:\Windows\system32\drivers\bthpan.sys","4,096"
"BTHPORT","Bluetooth Port Driver","Bluetooth Port Driver","Kernel ","Manual","Running","OK","TRUE","FALSE","393,216","1,486,848","0","","C:\Windows\system32\drivers\BTHport.sys","8,192"
"BTHUSB","Bluetooth Radio USB Driver","Bluetooth Radio USB Driver","Kernel ","Manual","Running","OK","TRUE","FALSE","24,576","61,440","0","","C:\Windows\system32\drivers\BTHUSB.sys","4,096"
"bttflt","Microsoft Hyper-V VHDPMEM BTT Filter","Microsoft Hyper-V VHDPMEM BTT Filter","Kernel ","Manual","Stopped","OK","FALSE","FALSE","8,192","20,480","0","","C:\Windows\system32\drivers\bttflt.sys","4,096"
"buttonconverter","Service for Portable Device Control devices","Service for Portable Device Control devices","Kernel ","Manual","Stopped","OK","FALSE","FALSE","12,288","36,864","0","","C:\Windows\system32\drivers\buttonconverter.sys","4,096"
"CAD","Charge Arbitration Driver","Charge Arbitration Driver","Kernel ","Manual","Running","OK","TRUE","FALSE","32,768","12,288","0","","C:\Windows\system32\drivers\CAD.sys","4,096"
"CDD","Canonical Display Driver","Canonical Display Driver","Kernel ","Manual","Running","OK","TRUE","FALSE","12,288","241,664","0","","C:\Windows\system32\cdd.dll","4,096"
"cdfs","CD/DVD File System Reader","CD/DVD File System Reader","File System ","Disabled","Stopped","OK","FALSE","FALSE","69,632","16,384","0","","C:\Windows\system32\DRIVERS\cdfs.sys","4,096"
"cdrom","CD-ROM Driver","CD-ROM Driver","Kernel ","System","Running","OK","TRUE","FALSE","81,920","77,824","0","","C:\Windows\system32\drivers\cdrom.sys","4,096"
"cht4iscsi","cht4iscsi","cht4iscsi","Kernel ","Manual","Stopped","OK","FALSE","FALSE","4,096","278,528","0","2/5/2019 5:51:31 AM","C:\Windows\system32\drivers\cht4sx64.sys","4,096"
"cht4vbd","Chelsio Virtual Bus Driver","Chelsio Virtual Bus Driver","Kernel ","Manual","Stopped","OK","FALSE","FALSE","1,433,600","208,896","0","2/5/2019 5:47:51 AM","C:\Windows\system32\drivers\cht4vx64.sys","4,096"
"CimFS","CimFS","CimFS","File System ","System","Running","OK","TRUE","FALSE","12,288","180,224","0","","C:\Windows\system32\drivers\CimFS.sys","4,096"
"circlass","Consumer IR Devices","Consumer IR Devices","Kernel ","Manual","Stopped","OK","FALSE","FALSE","4,096","45,056","0","","C:\Windows\system32\drivers\circlass.sys","4,096"
"CldFlt","Windows Cloud Files Filter Driver","Windows Cloud Files Filter Driver","File System ","Auto","Running","OK","TRUE","FALSE","356,352","131,072","0","","C:\Windows\system32\drivers\cldflt.sys","8,192"
"CLFS","Common Log (CLFS)","Common Log (CLFS)","Kernel ","Boot","Running","OK","TRUE","FALSE","327,680","110,592","0","","C:\Windows\system32\drivers\CLFS.sys","4,096"
"CmBatt","Microsoft ACPI Control Method Battery Driver","Microsoft ACPI Control Method Battery Driver","Kernel ","Manual","Running","OK","TRUE","FALSE","36,864","16,384","0","","C:\Windows\system32\drivers\CmBatt.sys","4,096"
"CNG","CNG","CNG","Kernel ","Boot","Running","OK","TRUE","FALSE","0","704,512","0","","C:\Windows\system32\Drivers\cng.sys","4,096"
"cnghwassist","CNG Hardware Assist algorithm provider","CNG Hardware Assist algorithm provider","Kernel ","Disabled","Stopped","OK","FALSE","FALSE","8,192","20,480","0","","C:\Windows\system32\DRIVERS\cnghwassist.sys","4,096"
"CompositeBus","Composite Bus Enumerator Driver","Composite Bus Enumerator Driver","Kernel ","Manual","Running","OK","TRUE","FALSE","24,576","16,384","0","","C:\Windows\system32\DriverStore\FileRepository\compositebus.inf_amd64_8cf6fa9d3afdfa25\CompositeBus.sys","4,096"
"condrv","Console Driver","Console Driver","Kernel ","Manual","Running","OK","TRUE","FALSE","32,768","8,192","0","","C:\Windows\system32\drivers\condrv.sys","4,096"
"csaudio","Cirrus Logic SPB Amp Driver","Cirrus Logic SPB Amp Driver","Kernel ","Manual","Running","OK","TRUE","FALSE","122,880","196,608","0","6/1/2024 6:21:00 PM","C:\Windows\system32\DriverStore\FileRepository\csaudio.inf_amd64_1711aa9be1c7d802\csaudio.sys","4,096"
"dam","Desktop Activity Moderator Driver","Desktop Activity Moderator Driver","Kernel ","System","Running","OK","TRUE","FALSE","36,864","20,480","0","","C:\Windows\system32\drivers\dam.sys","8,192"
"devmap","Usermode Device Mapper Service","Usermode Device Mapper Service","Kernel ","Manual","Stopped","OK","FALSE","FALSE","4,096","16,384","0","","C:\Windows\system32\DriverStore\FileRepository\devmap.inf_amd64_880513e6f03c45ef\devmap.sys","4,096"
"Dfsc","DFS Namespace Client Driver","DFS Namespace Client Driver","File System ","System","Running","OK","TRUE","FALSE","106,496","28,672","0","","C:\Windows\system32\Drivers\dfsc.sys","4,096"
"disk","Disk Driver","Disk Driver","Kernel ","Boot","Running","OK","TRUE","FALSE","40,960","32,768","0","","C:\Windows\system32\drivers\disk.sys","4,096"
"DisplayMux","Microsoft DisplayMux","Microsoft DisplayMux","Kernel ","Manual","Stopped","OK","FALSE","FALSE","4,096","16,384","0","","C:\Windows\system32\DriverStore\FileRepository\displaymux.inf_amd64_da65a70f0c3ce0f3\DisplayMux.sys","4,096"
"dmvsc","dmvsc","dmvsc","Kernel ","Manual","Stopped","OK","FALSE","FALSE","8,192","32,768","0","","C:\Windows\system32\drivers\dmvsc.sys","4,096"
"drmkaud","Microsoft Trusted Audio Drivers","Microsoft Trusted Audio Drivers","Kernel ","Manual","Stopped","OK","FALSE","FALSE","0","4,096","0","","C:\Windows\system32\drivers\drmkaud.sys","4,096"
"DRTMNull","DRTMNull","DRTMNull","Kernel ","Manual","Running","OK","TRUE","FALSE","4,096","8,192","0","10/16/2025 1:53:53 PM","C:\Windows\system32\DRTMNull2.sys","4,096"
"DXGKrnl","LDDM Graphics Subsystem","LDDM Graphics Subsystem","Kernel ","Boot","Running","OK","TRUE","FALSE","2,822,144","667,648","0","","C:\Windows\system32\drivers\dxgkrnl.sys","8,192"
"ebdrv","QLogic 10 Gigabit Ethernet Adapter VBD","QLogic 10 Gigabit Ethernet Adapter VBD","Kernel ","Manual","Stopped","OK","FALSE","FALSE","4,096","1,175,552","0","11/15/2020 2:12:10 AM","C:\Windows\system32\drivers\evbda.sys","4,096"
"ebdrv0","QLogic Legacy Ethernet Adapter VBD","QLogic Legacy Ethernet Adapter VBD","Kernel ","Manual","Stopped","OK","FALSE","FALSE","4,096","1,163,264","0","11/7/2020 2:07:41 AM","C:\Windows\system32\drivers\evbd0a.sys","4,096"
"EhStorClass","Enhanced Storage Filter Driver","Enhanced Storage Filter Driver","Kernel ","Boot","Running","OK","TRUE","FALSE","24,576","73,728","0","","C:\Windows\system32\drivers\EhStorClass.sys","4,096"
"EhStorTcgDrv","Microsoft driver for storage devices supporting IEEE 1667 and TCG protocols","Microsoft driver for storage devices supporting IEEE 1667 and TCG protocols","Kernel ","Manual","Stopped","OK","FALSE","FALSE","8,192","81,920","0","","C:\Windows\system32\drivers\EhStorTcgDrv.sys","4,096"
"ErrDev","Microsoft Hardware Error Device Driver","Microsoft Hardware Error Device Driver","Kernel ","Manual","Stopped","OK","FALSE","FALSE","4,096","12,288","0","","C:\Windows\system32\drivers\errdev.sys","4,096"
"ExecutionContext","CPU Scheduler for High Performance I/O","CPU Scheduler for High Performance I/O","Kernel ","Manual","Running","OK","TRUE","FALSE","20,480","49,152","0","","C:\Windows\system32\Drivers\ExecutionContext.sys","4,096"
"exfat","exFAT File System Driver","exFAT File System Driver","File System ","Manual","Stopped","OK","FALSE","FALSE","233,472","90,112","0","","C:\Windows\system32\drivers\exfat.sys","4,096"
"fastfat","FAT12/16/32 File System Driver","FAT12/16/32 File System Driver","File System ","Manual","Running","OK","TRUE","FALSE","266,240","61,440","0","","C:\Windows\system32\drivers\fastfat.sys","4,096"
"fdc","Floppy Disk Controller Driver","Floppy Disk Controller Driver","Kernel ","Manual","Stopped","OK","FALSE","FALSE","4,096","28,672","0","","C:\Windows\system32\drivers\fdc.sys","4,096"
"FileCrypt","FileCrypt","FileCrypt","File System ","System","Running","OK","TRUE","FALSE","28,672","20,480","0","","C:\Windows\system32\drivers\filecrypt.sys","4,096"
"FileInfo","File Information FS MiniFilter","File Information FS MiniFilter","File System ","Boot","Running","OK","TRUE","FALSE","49,152","20,480","0","","C:\Windows\system32\drivers\fileinfo.sys","4,096"
"Filetrace","Filetrace","Filetrace","File System ","Manual","Stopped","OK","FALSE","FALSE","12,288","20,480","0","","C:\Windows\system32\drivers\filetrace.sys","4,096"
"flpydisk","Floppy Disk Driver","Floppy Disk Driver","Kernel ","Manual","Stopped","OK","FALSE","FALSE","16,384","12,288","0","","C:\Windows\system32\drivers\flpydisk.sys","4,096"
"FltMgr","FltMgr","FltMgr","File System ","Boot","Running","OK","TRUE","FALSE","237,568","159,744","0","","C:\Windows\system32\drivers\fltmgr.sys","8,192"
"FsDepends","File System Dependency Minifilter","File System Dependency Minifilter","File System ","Manual","Stopped","OK","FALSE","FALSE","40,960","12,288","0","","C:\Windows\system32\drivers\FsDepends.sys","4,096"
"fvevol","BitLocker Drive Encryption Filter Driver","BitLocker Drive Encryption Filter Driver","Kernel ","Boot","Running","OK","TRUE","FALSE","581,632","172,032","0","","C:\Windows\system32\DRIVERS\fvevol.sys","12,288"
"gencounter","Microsoft Hyper-V Generation Counter","Microsoft Hyper-V Generation Counter","Kernel ","Manual","Stopped","OK","FALSE","FALSE","4,096","8,192","0","","C:\Windows\system32\drivers\vmgencounter.sys","4,096"
"genericusbfn","Generic USB Function Class","Generic USB Function Class","Kernel ","Manual","Stopped","OK","FALSE","FALSE","4,096","16,384","0","","C:\Windows\system32\DriverStore\FileRepository\genericusbfn.inf_amd64_71c810ddc0116541\genericusbfn.sys","4,096"
"GenPass","Microsoft GenPass Driver","Microsoft GenPass Driver","Kernel ","Manual","Stopped","OK","FALSE","FALSE","4,096","12,288","0","","C:\Windows\system32\DriverStore\FileRepository\genpass.inf_amd64_0c82d80c9252c9bd\genpass.sys","4,096"
"GPIOClx0101","Microsoft GPIO Class Extension Driver","Microsoft GPIO Class Extension Driver","Kernel ","Manual","Running","OK","TRUE","FALSE","49,152","102,400","0","","C:\Windows\system32\Drivers\msgpioclx.sys","4,096"
"HdAudAddService","Microsoft 1.1 UAA Function Driver for High Definition Audio Service","Microsoft 1.1 UAA Function Driver for High Definition Audio Service","Kernel ","Manual","Stopped","OK","FALSE","FALSE","385,024","45,056","0","","C:\Windows\system32\drivers\HdAudio.sys","4,096"
"HDAudBus","Microsoft UAA Bus Driver for High Definition Audio","Microsoft UAA Bus Driver for High Definition Audio","Kernel ","Manual","Running","OK","TRUE","FALSE","49,152","102,400","0","","C:\Windows\system32\drivers\HDAudBus.sys","4,096"
"HidBatt","HID UPS Battery Driver","HID UPS Battery Driver","Kernel ","Manual","Stopped","OK","FALSE","FALSE","0","28,672","0","","C:\Windows\system32\drivers\HidBatt.sys","4,096"
"HidBth","Microsoft Bluetooth HID Miniport","Microsoft Bluetooth HID Miniport","Kernel ","Manual","Stopped","OK","FALSE","FALSE","16,384","57,344","0","","C:\Windows\system32\drivers\hidbth.sys","4,096"
"hidi2c","Microsoft I2C HID Miniport Driver","Microsoft I2C HID Miniport Driver","Kernel ","Manual","Running","OK","TRUE","FALSE","12,288","61,440","0","","C:\Windows\system32\drivers\hidi2c.sys","4,096"
"hidinterrupt","Common Driver for HID Buttons implemented with interrupts","Common Driver for HID Buttons implemented with interrupts","Kernel ","Manual","Stopped","OK","FALSE","FALSE","16,384","24,576","0","","C:\Windows\system32\drivers\hidinterrupt.sys","4,096"
"HidIr","Microsoft Infrared HID Driver","Microsoft Infrared HID Driver","Kernel ","Manual","Stopped","OK","FALSE","FALSE","16,384","28,672","0","","C:\Windows\system32\drivers\hidir.sys","4,096"
"hidspi","Microsoft SPI HID Miniport Driver","Microsoft SPI HID Miniport Driver","Kernel ","Manual","Stopped","OK","FALSE","FALSE","4,096","90,112","0","","C:\Windows\system32\drivers\hidspi.sys","4,096"
"HidSpiCx","HidSpi KMDF Class Extension","HidSpi KMDF Class Extension","Kernel ","Manual","Stopped","OK","FALSE","FALSE","4,096","81,920","0","","C:\Windows\system32\drivers\HidSpiCx.sys","4,096"
"HidUsb","Microsoft HID Class Driver","Microsoft HID Class Driver","Kernel ","Manual","Running","OK","TRUE","FALSE","8,192","32,768","0","","C:\Windows\system32\drivers\hidusb.sys","4,096"
"HpSAMD","HpSAMD","HpSAMD","Kernel ","Manual","Stopped","OK","FALSE","FALSE","0","45,056","0","3/26/2013 2:36:54 PM","C:\Windows\system32\drivers\HpSAMD.sys","4,096"
"Hsp","Microsoft Pluton Service","Microsoft Pluton Service","Kernel ","Manual","Running","OK","TRUE","FALSE","8,192","49,152","0","","C:\Windows\system32\drivers\Hsp.sys","4,096"
"HTTP","HTTP Service","HTTP Service","Kernel ","Manual","Running","OK","TRUE","FALSE","122,880","1,572,864","0","","C:\Windows\system32\drivers\HTTP.sys","4,096"
"hvcrash","hvcrash","hvcrash","Kernel ","Disabled","Stopped","OK","FALSE","FALSE","8,192","16,384","0","","C:\Windows\system32\drivers\hvcrash.sys","4,096"
"hvservice","Microsoft Hypervisor Service Driver","Microsoft Hypervisor Service Driver","Kernel ","Manual","Running","OK","TRUE","FALSE","24,576","16,384","0","","C:\Windows\system32\drivers\hvservice.sys","4,096"
"HwNClx0101","Microsoft Hardware Notifications Class Extension Driver","Microsoft Hardware Notifications Class Extension Driver","Kernel ","Manual","Stopped","OK","FALSE","FALSE","12,288","12,288","0","","C:\Windows\system32\Drivers\mshwnclx.sys","4,096"
"hwpolicy","Hardware Policy Driver","Hardware Policy Driver","Kernel ","Boot","Stopped","OK","FALSE","FALSE","4,096","4,096","0","","C:\Windows\system32\drivers\hwpolicy.sys","4,096"
"hyperkbd","hyperkbd","hyperkbd","Kernel ","Manual","Stopped","OK","FALSE","FALSE","4,096","12,288","0","","C:\Windows\system32\drivers\hyperkbd.sys","4,096"
"HyperVideo","HyperVideo","HyperVideo","Kernel ","Manual","Stopped","OK","FALSE","FALSE","20,480","12,288","0","","C:\Windows\system32\drivers\HyperVideo.sys","4,096"
"I3CHost","I3C Host Controller Service","I3C Host Controller Service","Kernel ","Manual","Stopped","OK","FALSE","FALSE","106,496","229,376","0","","C:\Windows\system32\DriverStore\FileRepository\i3chost.inf_amd64_c392a79f9867ca26\i3chost.sys","4,096"
"i8042prt","i8042 Keyboard and PS/2 Mouse Port Driver","i8042 Keyboard and PS/2 Mouse Port Driver","Kernel ","Manual","Stopped","OK","FALSE","FALSE","40,960","57,344","0","","C:\Windows\system32\drivers\i8042prt.sys","4,096"
"iagpio","Intel Serial IO GPIO Controller Driver","Intel Serial IO GPIO Controller Driver","Kernel ","Manual","Stopped","OK","FALSE","FALSE","4,096","24,576","0","7/23/2018 2:04:46 AM","C:\Windows\system32\drivers\iagpio.sys","4,096"
"iai2c","Intel(R) Serial IO I2C Host Controller","Intel(R) Serial IO I2C Host Controller","Kernel ","Manual","Stopped","OK","FALSE","FALSE","4,096","77,824","0","7/23/2018 2:04:39 AM","C:\Windows\system32\drivers\iai2c.sys","4,096"
"iaLPSS2i_GPIO2","Intel(R) Serial IO GPIO Driver v2","Intel(R) Serial IO GPIO Driver v2","Kernel ","Manual","Stopped","OK","FALSE","FALSE","4,096","45,056","0","4/19/2018 12:53:24 AM","C:\Windows\system32\drivers\iaLPSS2i_GPIO2.sys","4,096"
"iaLPSS2i_GPIO2_BXT_P","Intel(R) Serial IO GPIO Driver v2","Intel(R) Serial IO GPIO Driver v2","Kernel ","Manual","Stopped","OK","FALSE","FALSE","4,096","57,344","0","4/17/2018 2:25:15 AM","C:\Windows\system32\drivers\iaLPSS2i_GPIO2_BXT_P.sys","4,096"
"iaLPSS2i_GPIO2_CNL","Intel(R) Serial IO GPIO Driver v2","Intel(R) Serial IO GPIO Driver v2","Kernel ","Manual","Stopped","OK","FALSE","FALSE","4,096","73,728","0","4/17/2018 12:07:03 AM","C:\Windows\system32\drivers\iaLPSS2i_GPIO2_CNL.sys","4,096"
"iaLPSS2i_GPIO2_GLK","Intel(R) Serial IO GPIO Driver v2","Intel(R) Serial IO GPIO Driver v2","Kernel ","Manual","Stopped","OK","FALSE","FALSE","4,096","57,344","0","5/15/2018 10:46:36 PM","C:\Windows\system32\drivers\iaLPSS2i_GPIO2_GLK.sys","4,096"
"iaLPSS2i_I2C","Intel(R) Serial IO I2C Driver v2","Intel(R) Serial IO I2C Driver v2","Kernel ","Manual","Stopped","OK","FALSE","FALSE","4,096","118,784","0","4/19/2018 12:52:58 AM","C:\Windows\system32\drivers\iaLPSS2i_I2C.sys","4,096"
"iaLPSS2i_I2C_BXT_P","Intel(R) Serial IO I2C Driver v2","Intel(R) Serial IO I2C Driver v2","Kernel ","Manual","Stopped","OK","FALSE","FALSE","4,096","122,880","0","4/17/2018 2:24:40 AM","C:\Windows\system32\drivers\iaLPSS2i_I2C_BXT_P.sys","4,096"
"iaLPSS2i_I2C_CNL","Intel(R) Serial IO I2C Driver v2","Intel(R) Serial IO I2C Driver v2","Kernel ","Manual","Stopped","OK","FALSE","FALSE","4,096","126,976","0","7/14/2019 10:12:12 PM","C:\Windows\system32\drivers\iaLPSS2i_I2C_CNL.sys","4,096"
"iaLPSS2i_I2C_GLK","Intel(R) Serial IO I2C Driver v2","Intel(R) Serial IO I2C Driver v2","Kernel ","Manual","Stopped","OK","FALSE","FALSE","4,096","126,976","0","5/15/2018 10:46:02 PM","C:\Windows\system32\drivers\iaLPSS2i_I2C_GLK.sys","4,096"
"iaLPSSi_GPIO","Intel(R) Serial IO GPIO Controller Driver","Intel(R) Serial IO GPIO Controller Driver","Kernel ","Manual","Stopped","OK","FALSE","FALSE","4,096","12,288","0","2/2/2015 1:00:09 AM","C:\Windows\system32\drivers\iaLPSSi_GPIO.sys","4,096"
"iaLPSSi_I2C","Intel(R) Serial IO I2C Controller Driver","Intel(R) Serial IO I2C Controller Driver","Kernel ","Manual","Stopped","OK","FALSE","FALSE","4,096","90,112","0","2/24/2015 7:52:07 AM","C:\Windows\system32\drivers\iaLPSSi_I2C.sys","4,096"
"iaStorAVC","Intel Chipset SATA RAID Controller","Intel Chipset SATA RAID Controller","Kernel ","Manual","Stopped","OK","FALSE","FALSE","4,096","786,432","0","9/5/2019 5:07:32 AM","C:\Windows\system32\drivers\iaStorAVC.sys","4,096"
"iaStorV","Intel RAID Controller Windows 7","Intel RAID Controller Windows 7","Kernel ","Manual","Stopped","OK","FALSE","FALSE","0","364,544","0","4/11/2011 11:48:16 AM","C:\Windows\system32\drivers\iaStorV.sys","8,192"
"ibbus","Mellanox InfiniBand Bus/AL (Filter Driver)","Mellanox InfiniBand Bus/AL (Filter Driver)","Kernel ","Manual","Stopped","OK","FALSE","FALSE","8,192","499,712","0","6/19/2019 6:20:09 AM","C:\Windows\system32\drivers\ibbus.sys","8,192"
"IndirectKmd","Indirect Displays Kernel-Mode Driver","Indirect Displays Kernel-Mode Driver","Kernel ","Manual","Stopped","OK","FALSE","FALSE","32,768","20,480","0","","C:\Windows\system32\drivers\IndirectKmd.sys","4,096"
"IntcAzAudAddService","Service for Realtek HD Audio (WDM)","Service for Realtek HD Audio (WDM)","Kernel ","Manual","Running","OK","TRUE","FALSE","4,239,360","1,802,240","0","9/9/2025 2:08:51 AM","C:\Windows\system32\DriverStore\FileRepository\hdxacpasus.inf_amd64_63c3672ceb0b1313\RTKVHD64.sys","8,192"
"intelide","intelide","intelide","Kernel ","Manual","Stopped","OK","FALSE","FALSE","0","12,288","0","","C:\Windows\system32\drivers\intelide.sys","4,096"
"intelpep","Intel(R) Power Engine Plug-in Driver","Intel(R) Power Engine Plug-in Driver","Kernel ","Boot","Running","OK","TRUE","FALSE","49,152","81,920","0","","C:\Windows\system32\drivers\intelpep.sys","4,096"
"intelpmax","Intel(R) Dynamic Device Peak Power Manager Driver","Intel(R) Dynamic Device Peak Power Manager Driver","Kernel ","Manual","Stopped","OK","FALSE","FALSE","12,288","16,384","0","","C:\Windows\system32\drivers\intelpmax.sys","4,096"
"IntelPMT","Intel(R) Platform Monitoring Technology Service","Intel(R) Platform Monitoring Technology Service","Kernel ","Boot","Running","OK","TRUE","FALSE","16,384","16,384","0","","C:\Windows\system32\drivers\IntelPMT.sys","4,096"
"intelppm","Intel Processor Driver","Intel Processor Driver","Kernel ","Manual","Stopped","OK","FALSE","FALSE","139,264","69,632","0","","C:\Windows\system32\drivers\intelppm.sys","12,288"
"iorate","Disk I/O Rate Filter Driver","Disk I/O Rate Filter Driver","Kernel ","Boot","Running","OK","TRUE","FALSE","4,096","36,864","0","","C:\Windows\system32\drivers\iorate.sys","4,096"
"IpFilterDriver","IP Traffic Filter Driver","IP Traffic Filter Driver","Kernel ","Manual","Stopped","OK","FALSE","FALSE","8,192","65,536","0","","C:\Windows\system32\DRIVERS\ipfltdrv.sys","4,096"
"IPMIDRV","IPMIDRV","IPMIDRV","Kernel ","Manual","Stopped","OK","FALSE","FALSE","32,768","57,344","0","","C:\Windows\system32\drivers\IPMIDrv.sys","4,096"
"IPNAT","IP Network Address Translator","IP Network Address Translator","Kernel ","Manual","Stopped","OK","FALSE","FALSE","12,288","188,416","0","","C:\Windows\system32\drivers\ipnat.sys","4,096"
"IPT","IPT","IPT","Kernel ","Manual","Stopped","OK","FALSE","FALSE","32,768","12,288","0","","C:\Windows\system32\drivers\ipt.sys","4,096"
"isapnp","isapnp","isapnp","Kernel ","Manual","Stopped","OK","FALSE","FALSE","4,096","8,192","0","","C:\Windows\system32\drivers\isapnp.sys","4,096"
"iScsiPrt","iScsiPort Driver","iScsiPort Driver","Kernel ","Manual","Stopped","OK","FALSE","FALSE","53,248","200,704","0","","C:\Windows\system32\drivers\msiscsi.sys","4,096"
"ItSas35i","ItSas35i","ItSas35i","Kernel ","Manual","Stopped","OK","FALSE","FALSE","0","159,744","0","3/1/2021 2:15:20 AM","C:\Windows\system32\drivers\ItSas35i.sys","4,096"
"kbdclass","Keyboard Class Driver","Keyboard Class Driver","Kernel ","Manual","Running","OK","TRUE","FALSE","12,288","32,768","0","","C:\Windows\system32\drivers\kbdclass.sys","4,096"
"kbdhid","Keyboard HID Driver","Keyboard HID Driver","Kernel ","Manual","Running","OK","TRUE","FALSE","8,192","32,768","0","","C:\Windows\system32\drivers\kbdhid.sys","4,096"
"kdnic","Microsoft Kernel Debug Network Miniport","Microsoft Kernel Debug Network Miniport","Kernel ","Manual","Running","OK","TRUE","FALSE","8,192","20,480","0","","C:\Windows\system32\drivers\kdnic.sys","4,096"
"kdnic_legacy","Microsoft Kernel Debug Network Miniport (NDIS 6.20)","Microsoft Kernel Debug Network Miniport (NDIS 6.20)","Kernel ","Manual","Stopped","OK","FALSE","FALSE","4,096","16,384","0","","C:\Windows\system32\drivers\kdnic_legacy.sys","4,096"
"KSecDD","KSecDD","KSecDD","Kernel ","Boot","Running","OK","TRUE","FALSE","45,056","69,632","0","","C:\Windows\system32\Drivers\ksecdd.sys","4,096"
"KSecPkg","KSecPkg","KSecPkg","Kernel ","Boot","Running","OK","TRUE","FALSE","73,728","73,728","0","","C:\Windows\system32\Drivers\ksecpkg.sys","4,096"
"KslD","KslD","KslD","Kernel ","Manual","Running","OK","TRUE","FALSE","4,096","53,248","0","","C:\Windows\system32\drivers\wd\KslD.sys","8,192"
"ksthunk","Kernel Streaming Thunks","Kernel Streaming Thunks","Kernel ","Manual","Running","OK","TRUE","FALSE","12,288","20,480","0","","C:\Windows\system32\drivers\ksthunk.sys","4,096"
"lltdio","Link-Layer Topology Discovery Mapper I/O Driver","Link-Layer Topology Discovery Mapper I/O Driver","Kernel ","Auto","Running","OK","TRUE","FALSE","8,192","45,056","0","","C:\Windows\system32\drivers\lltdio.sys","8,192"
"LSI_SAS","LSI_SAS","LSI_SAS","Kernel ","Manual","Stopped","OK","FALSE","FALSE","0","90,112","0","3/25/2015 12:36:48 PM","C:\Windows\system32\drivers\lsi_sas.sys","4,096"
"LSI_SAS2i","LSI_SAS2i","LSI_SAS2i","Kernel ","Manual","Stopped","OK","FALSE","FALSE","0","98,304","0","8/2/2017 6:29:59 AM","C:\Windows\system32\drivers\lsi_sas2i.sys","4,096"
"LSI_SAS3i","LSI_SAS3i","LSI_SAS3i","Kernel ","Manual","Stopped","OK","FALSE","FALSE","0","114,688","0","8/21/2020 12:33:28 AM","C:\Windows\system32\drivers\lsi_sas3i.sys","4,096"
"luafv","UAC File Virtualization","UAC File Virtualization","File System ","Auto","Running","OK","TRUE","FALSE","77,824","28,672","0","","C:\Windows\system32\drivers\luafv.sys","12,288"
"mausbhost","MA-USB Host Controller Driver","MA-USB Host Controller Driver","Kernel ","Manual","Stopped","OK","FALSE","FALSE","8,192","327,680","0","","C:\Windows\system32\drivers\mausbhost.sys","4,096"
"mausbip","MA-USB IP Filter Driver","MA-USB IP Filter Driver","Kernel ","Manual","Stopped","OK","FALSE","FALSE","4,096","45,056","0","","C:\Windows\system32\drivers\mausbip.sys","4,096"
"MbbCx","MBB Network Adapter Class Extension","MBB Network Adapter Class Extension","Kernel ","Manual","Stopped","OK","FALSE","FALSE","8,192","303,104","0","","C:\Windows\system32\drivers\MbbCx.sys","4,096"
"megasas2i","megasas2i","megasas2i","Kernel ","Manual","Stopped","OK","FALSE","FALSE","0","61,440","0","1/22/2020 1:57:48 AM","C:\Windows\system32\drivers\MegaSas2i.sys","4,096"
"megasas35i","megasas35i","megasas35i","Kernel ","Manual","Stopped","OK","FALSE","FALSE","0","77,824","0","1/11/2021 11:59:10 PM","C:\Windows\system32\drivers\megasas35i.sys","4,096"
"megasr","megasr","megasr","Kernel ","Manual","Stopped","OK","FALSE","FALSE","0","434,176","0","6/3/2013 3:02:39 PM","C:\Windows\system32\drivers\megasr.sys","4,096"
"mfeelam","McAfee ELAM Driver","McAfee ELAM Driver","Kernel ","Boot","Stopped","OK","FALSE","FALSE","0","4,096","0","12/4/2025 8:45:11 AM","C:\Windows\system32\DRIVERS\mfeelam.sys","4,096"
"mfesec","McAfee Security Driver","McAfee Security Driver","File System ","Boot","Running","OK","TRUE","FALSE","4,096","40,960","0","4/17/2026 3:32:37 AM","C:\Windows\system32\DRIVERS\mfesec.sys","8,192"
"Microsoft_Bluetooth_AvrcpTransport","Microsoft Bluetooth Avrcp Transport Driver","Microsoft Bluetooth Avrcp Transport Driver","Kernel ","Manual","Stopped","OK","FALSE","FALSE","28,672","40,960","0","","C:\Windows\system32\drivers\Microsoft.Bluetooth.AvrcpTransport.sys","4,096"
"mlx4_bus","Mellanox ConnectX Bus Enumerator","Mellanox ConnectX Bus Enumerator","Kernel ","Manual","Stopped","OK","FALSE","FALSE","4,096","880,640","0","6/19/2019 6:21:08 AM","C:\Windows\system32\drivers\mlx4_bus.sys","8,192"
"MMCSS","Multimedia Class Scheduler","Multimedia Class Scheduler","Kernel ","Auto","Running","OK","TRUE","FALSE","12,288","24,576","0","","C:\Windows\system32\drivers\mmcss.sys","8,192"
"Modem","Modem","Modem","Kernel ","Manual","Stopped","OK","FALSE","FALSE","32,768","12,288","0","","C:\Windows\system32\drivers\modem.sys","4,096"
"monitor","Microsoft Monitor Class Function Driver Service","Microsoft Monitor Class Function Driver Service","Kernel ","Manual","Running","OK","TRUE","FALSE","45,056","28,672","0","","C:\Windows\system32\drivers\monitor.sys","4,096"
"mouclass","Mouse Class Driver","Mouse Class Driver","Kernel ","Manual","Running","OK","TRUE","FALSE","12,288","32,768","0","","C:\Windows\system32\drivers\mouclass.sys","4,096"
"mouhid","Mouse HID Driver","Mouse HID Driver","Kernel ","Manual","Running","OK","TRUE","FALSE","8,192","24,576","0","","C:\Windows\system32\drivers\mouhid.sys","4,096"
"mountmgr","Mount Point Manager","Mount Point Manager","Kernel ","Boot","Running","OK","TRUE","FALSE","69,632","16,384","0","","C:\Windows\system32\drivers\mountmgr.sys","4,096"
"mpi3drvi","mpi3drvi","mpi3drvi","Kernel ","Manual","Stopped","OK","FALSE","FALSE","0","69,632","0","11/16/2021 2:22:38 PM","C:\Windows\system32\drivers\mpi3drvi.sys","4,096"
"mpsdrv","Windows Defender Firewall Authorization Driver","Windows Defender Firewall Authorization Driver","Kernel ","Manual","Running","OK","TRUE","FALSE","4,096","65,536","0","","C:\Windows\system32\drivers\mpsdrv.sys","4,096"
"MRxDAV","WebDav Client Redirector Driver","WebDav Client Redirector Driver","File System ","Manual","Stopped","OK","FALSE","FALSE","114,688","32,768","0","","C:\Windows\system32\drivers\mrxdav.sys","4,096"
"mrxsmb","SMB MiniRedirector Wrapper and Engine","SMB MiniRedirector Wrapper and Engine","File System ","Manual","Running","OK","TRUE","FALSE","94,208","409,600","0","","C:\Windows\system32\DRIVERS\mrxsmb.sys","4,096"
"mrxsmb20","SMB 2.0 MiniRedirector","SMB 2.0 MiniRedirector","File System ","Manual","Running","OK","TRUE","FALSE","28,672","249,856","0","","C:\Windows\system32\DRIVERS\mrxsmb20.sys","4,096"
"MsBridge","Microsoft MAC Bridge","Microsoft MAC Bridge","Kernel ","Manual","Stopped","OK","FALSE","FALSE","8,192","94,208","0","","C:\Windows\system32\drivers\bridge.sys","4,096"
"Msfs","Msfs","Msfs","File System ","System","Running","OK","TRUE","FALSE","28,672","12,288","0","","C:\Windows\system32\drivers\Msfs.sys","4,096"
"msgpiowin32","Common Driver for Buttons, DockMode and Laptop/Slate Indicator","Common Driver for Buttons, DockMode and Laptop/Slate Indicator","Kernel ","Manual","Stopped","OK","FALSE","FALSE","20,480","24,576","0","","C:\Windows\system32\drivers\msgpiowin32.sys","4,096"
"mshidkmdf","Pass-through HID to KMDF Filter Driver","Pass-through HID to KMDF Filter Driver","Kernel ","Manual","Running","OK","TRUE","FALSE","4,096","8,192","0","","C:\Windows\system32\drivers\mshidkmdf.sys","4,096"
"mshidumdf","Pass-through HID to UMDF Driver","Pass-through HID to UMDF Driver","Kernel ","Manual","Stopped","OK","FALSE","FALSE","4,096","8,192","0","","C:\Windows\system32\drivers\mshidumdf.sys","4,096"
"msisadrv","msisadrv","msisadrv","Kernel ","Boot","Running","OK","TRUE","FALSE","4,096","8,192","0","","C:\Windows\system32\drivers\msisadrv.sys","4,096"
"MSKSSRV","Microsoft Streaming Service Proxy","Microsoft Streaming Service Proxy","Kernel ","Manual","Running","OK","TRUE","FALSE","20,480","16,384","0","","C:\Windows\system32\drivers\MSKSSRV.sys","4,096"
"MsLldp","Microsoft Link-Layer Discovery Protocol","Microsoft Link-Layer Discovery Protocol","Kernel ","Auto","Running","OK","TRUE","FALSE","20,480","32,768","0","","C:\Windows\system32\drivers\mslldp.sys","4,096"
"MSPCLOCK","Microsoft Streaming Clock Proxy","Microsoft Streaming Clock Proxy","Kernel ","Manual","Stopped","OK","FALSE","FALSE","4,096","4,096","0","","C:\Windows\system32\drivers\MSPCLOCK.sys","4,096"
"MSPQM","Microsoft Streaming Quality Manager Proxy","Microsoft Streaming Quality Manager Proxy","Kernel ","Manual","Stopped","OK","FALSE","FALSE","4,096","4,096","0","","C:\Windows\system32\drivers\MSPQM.sys","4,096"
"MsQuic","MsQuic","MsQuic","Kernel ","Manual","Stopped","OK","FALSE","FALSE","4,096","307,200","0","","C:\Windows\system32\drivers\msquic.sys","4,096"
"MsQuicPrev","MSQUIC","MSQUIC","Kernel ","Manual","Stopped","OK","FALSE","FALSE","4,096","299,008","0","","C:\Windows\system32\drivers\msquicprev.sys","4,096"
"MsRPC","MsRPC","MsRPC","Kernel ","Manual","Stopped","OK","FALSE","FALSE","274,432","12,288","0","","C:\Windows\system32\drivers\MsRPC.sys","4,096"
"mssmbios","Microsoft System Management BIOS Driver","Microsoft System Management BIOS Driver","Kernel ","System","Running","OK","TRUE","FALSE","8,192","20,480","0","","C:\Windows\system32\drivers\mssmbios.sys","4,096"
"MSTEE","Microsoft Streaming Tee/Sink-to-Sink Converter","Microsoft Streaming Tee/Sink-to-Sink Converter","Kernel ","Manual","Stopped","OK","FALSE","FALSE","8,192","8,192","0","","C:\Windows\system32\drivers\MSTEE.sys","4,096"
"MTConfig","Microsoft Input Configuration Driver","Microsoft Input Configuration Driver","Kernel ","Manual","Running","OK","TRUE","FALSE","4,096","12,288","0","","C:\Windows\system32\drivers\MTConfig.sys","4,096"
"mtkbtacx","MediaTek Bluetooth Audio Device","MediaTek Bluetooth Audio Device","Kernel ","Manual","Running","OK","TRUE","FALSE","61,440","135,168","0","9/17/2025 11:58:42 PM","C:\Windows\system32\DriverStore\FileRepository\mtkbtacx.inf_amd64_83b672d8fe91251d\mtkbtacx.sys","4,096"
"MTKBTFilterx64","MTK BT Filter Driver","MTK BT Filter Driver","Kernel ","Manual","Running","OK","TRUE","FALSE","12,288","499,712","0","12/22/2025 2:18:12 PM","C:\Windows\system32\DriverStore\FileRepository\mtkbtfilter.inf_amd64_5fc6185c7d4a1cf7\mtkbtfilterx.sys","4,096"
"mtkwlex","Mediatek PCI LE Extensible Wireless LAN Card Driver","Mediatek PCI LE Extensible Wireless LAN Card Driver","Kernel ","Manual","Running","OK","TRUE","FALSE","4,096","1,830,912","0","12/22/2025 2:14:19 PM","C:\Windows\system32\DriverStore\FileRepository\mtkwl6ex.inf_amd64_238ff33f3a3d66ae\mtkwl6ex.sys","8,192"
"Mup","Mup","Mup","File System ","Boot","Running","OK","TRUE","FALSE","73,728","28,672","0","","C:\Windows\system32\Drivers\mup.sys","4,096"
"mvumis","mvumis","mvumis","Kernel ","Manual","Stopped","OK","FALSE","FALSE","0","20,480","0","5/23/2014 1:39:04 PM","C:\Windows\system32\drivers\mvumis.sys","4,096"
"NativeWifiP","NativeWiFi Filter","NativeWiFi Filter","Kernel ","Manual","Running","OK","TRUE","FALSE","8,192","724,992","0","","C:\Windows\system32\DRIVERS\nwifi.sys","4,096"
"ndfltr","NetworkDirect Service","NetworkDirect Service","Kernel ","Manual","Stopped","OK","FALSE","FALSE","4,096","118,784","0","6/19/2019 6:18:42 AM","C:\Windows\system32\drivers\ndfltr.sys","4,096"
"NDIS","NDIS System Driver","NDIS System Driver","Kernel ","Boot","Running","OK","TRUE","FALSE","331,776","987,136","0","","C:\Windows\system32\drivers\ndis.sys","16,384"
"NdisCap","Microsoft NDIS Capture","Microsoft NDIS Capture","Kernel ","System","Running","OK","TRUE","FALSE","0","32,768","0","","C:\Windows\system32\drivers\ndiscap.sys","4,096"
"NdisImPlatform","Microsoft Network Adapter Multiplexor Protocol","Microsoft Network Adapter Multiplexor Protocol","Kernel ","Manual","Stopped","OK","FALSE","FALSE","4,096","94,208","0","","C:\Windows\system32\drivers\NdisImPlatform.sys","4,096"
"NdisTapi","Remote Access NDIS TAPI Driver","Remote Access NDIS TAPI Driver","Kernel ","Manual","Running","OK","TRUE","FALSE","8,192","16,384","0","","C:\Windows\system32\DRIVERS\ndistapi.sys","4,096"
"Ndisuio","NDIS Usermode I/O Protocol","NDIS Usermode I/O Protocol","Kernel ","Manual","Running","OK","TRUE","FALSE","16,384","40,960","0","","C:\Windows\system32\drivers\ndisuio.sys","4,096"
"NdisVirtualBus","Microsoft Virtual Network Adapter Enumerator","Microsoft Virtual Network Adapter Enumerator","Kernel ","Manual","Running","OK","TRUE","FALSE","8,192","12,288","0","","C:\Windows\system32\drivers\NdisVirtualBus.sys","4,096"
"NdisWan","Remote Access NDIS WAN Driver","Remote Access NDIS WAN Driver","Kernel ","Manual","Running","OK","TRUE","FALSE","86,016","94,208","0","","C:\Windows\system32\drivers\ndiswan.sys","8,192"
"ndiswanlegacy","Remote Access LEGACY NDIS WAN Driver","Remote Access LEGACY NDIS WAN Driver","Kernel ","Manual","Stopped","OK","FALSE","FALSE","86,016","94,208","0","","C:\Windows\system32\DRIVERS\ndiswan.sys","8,192"
"NDKPerf","NDKPerf Driver","NDKPerf Driver","Kernel ","Manual","Stopped","OK","FALSE","FALSE","16,384","24,576","0","","C:\Windows\system32\drivers\NDKPerf.sys","4,096"
"NDKPing","NDKPing Driver","NDKPing Driver","Kernel ","Manual","Stopped","OK","FALSE","FALSE","20,480","36,864","0","","C:\Windows\system32\drivers\NDKPing.sys","4,096"
"ndproxy","NDIS Proxy Driver","NDIS Proxy Driver","Kernel ","Manual","Running","OK","TRUE","FALSE","45,056","36,864","0","","C:\Windows\system32\DRIVERS\NDProxy.sys","4,096"
"Ndu","Windows Network Data Usage Monitoring Driver","Windows Network Data Usage Monitoring Driver","Kernel ","Auto","Running","OK","TRUE","FALSE","8,192","77,824","0","","C:\Windows\system32\drivers\Ndu.sys","4,096"
"NetAdapterCx","Network Adapter WDF Class Extension Library","Network Adapter WDF Class Extension Library","Kernel ","Manual","Running","OK","TRUE","FALSE","20,480","266,240","0","","C:\Windows\system32\drivers\netadaptercx.sys","4,096"
"NetBIOS","NetBIOS Interface","NetBIOS Interface","File System ","System","Running","OK","TRUE","FALSE","20,480","28,672","0","","C:\Windows\system32\drivers\netbios.sys","4,096"
"NetBT","NetBT","NetBT","Kernel ","System","Running","OK","TRUE","FALSE","77,824","208,896","0","","C:\Windows\system32\DRIVERS\netbt.sys","4,096"
"netvsc","netvsc","netvsc","Kernel ","Manual","Stopped","OK","FALSE","FALSE","8,192","253,952","0","","C:\Windows\system32\drivers\netvsc.sys","4,096"
"NetworkPrivacyPolicy","Microsoft Network Privacy Policy Service","Microsoft Network Privacy Policy Service","Kernel ","Auto","Stopped","OK","FALSE","FALSE","4,096","53,248","0","","C:\Windows\system32\DriverStore\FileRepository\networkprivacypolicy.inf_amd64_e708dfdee64c5e0e\NetworkPrivacyPolicy.sys","4,096"
"Npfs","Npfs","Npfs","File System ","System","Running","OK","TRUE","FALSE","53,248","12,288","0","","C:\Windows\system32\drivers\Npfs.sys","4,096"
"npsvctrig","Named pipe service trigger provider","Named pipe service trigger provider","Kernel ","System","Running","OK","TRUE","FALSE","12,288","12,288","0","","C:\Windows\system32\drivers\npsvctrig.sys","4,096"
"nsiproxy","NSI Proxy Service Driver","NSI Proxy Service Driver","Kernel ","System","Running","OK","TRUE","FALSE","8,192","28,672","0","","C:\Windows\system32\drivers\nsiproxy.sys","4,096"
"Ntfs","Ntfs","Ntfs","File System ","Manual","Running","OK","TRUE","FALSE","2,195,456","380,928","0","","C:\Windows\system32\drivers\Ntfs.sys","16,384"
"Null","Null","Null","Kernel ","System","Running","OK","TRUE","FALSE","4,096","12,288","0","","C:\Windows\system32\drivers\Null.sys","4,096"
"nvdimm","Microsoft NVDIMM device driver","Microsoft NVDIMM device driver","Kernel ","Manual","Stopped","OK","FALSE","FALSE","32,768","57,344","0","","C:\Windows\system32\drivers\nvdimm.sys","4,096"
"NVHDA","Service for NVIDIA High Definition Audio Driver","Service for NVIDIA High Definition Audio Driver","Kernel ","Manual","Running","OK","TRUE","FALSE","45,056","45,056","0","12/1/2025 7:26:50 AM","C:\Windows\system32\drivers\nvhda64v.sys","4,096"
"nvlddmkm","nvlddmkm","nvlddmkm","Kernel ","Manual","Running","OK","TRUE","FALSE","85,823,488","13,922,304","0","2/8/2026 12:30:54 PM","C:\Windows\system32\DriverStore\FileRepository\nvam.inf_amd64_1470426b1755a4ac\nvlddmkm.sys","40,960"
"nvmedisk","Microsoft NVMe disk driver","Microsoft NVMe disk driver","Kernel ","Boot","Running","OK","TRUE","FALSE","20,480","32,768","0","","C:\Windows\system32\drivers\nvmedisk.sys","4,096"
"nvpcf","NVPCF Service","NVPCF Service","Kernel ","Manual","Running","OK","TRUE","FALSE","8,192","217,088","0","9/6/2025 9:35:04 PM","C:\Windows\system32\drivers\nvpcf.sys","4,096"
"nvraid","nvraid","nvraid","Kernel ","Manual","Stopped","OK","FALSE","FALSE","8,192","90,112","0","4/21/2014 11:28:42 AM","C:\Windows\system32\drivers\nvraid.sys","8,192"
"nvstor","nvstor","nvstor","Kernel ","Manual","Stopped","OK","FALSE","FALSE","0","118,784","0","4/21/2014 11:34:03 AM","C:\Windows\system32\drivers\nvstor.sys","4,096"
"nvvad_WaveExtensible","NVIDIA Virtual Audio Device (Wave Extensible) (WDM)","NVIDIA Virtual Audio Device (Wave Extensible) (WDM)","Kernel ","Manual","Running","OK","TRUE","FALSE","20,480","8,192","0","2/28/2024 4:30:52 AM","C:\Windows\system32\drivers\nvvad64v.sys","4,096"
"P9Rdr","Plan 9 Redirector Driver","Plan 9 Redirector Driver","Kernel ","Manual","Stopped","OK","FALSE","FALSE","4,096","81,920","0","","C:\Windows\system32\drivers\p9rdr.sys","4,096"
"Parport","Parallel port driver","Parallel port driver","Kernel ","Manual","Stopped","OK","FALSE","FALSE","4,096","90,112","0","","C:\Windows\system32\drivers\parport.sys","4,096"
"partmgr","Partition driver","Partition driver","Kernel ","Boot","Running","OK","TRUE","FALSE","53,248","77,824","0","","C:\Windows\system32\drivers\partmgr.sys","4,096"
"pci","PCI Bus Driver","PCI Bus Driver","Kernel ","Boot","Running","OK","TRUE","FALSE","233,472","217,088","0","","C:\Windows\system32\drivers\pci.sys","12,288"
"pciide","pciide","pciide","Kernel ","Manual","Stopped","OK","FALSE","FALSE","0","8,192","0","","C:\Windows\system32\drivers\pciide.sys","4,096"
"pcmcia","pcmcia","pcmcia","Kernel ","Manual","Stopped","OK","FALSE","FALSE","45,056","53,248","0","","C:\Windows\system32\drivers\pcmcia.sys","8,192"
"pcw","Performance Counters for Windows Driver","Performance Counters for Windows Driver","Kernel ","Boot","Running","OK","TRUE","FALSE","45,056","8,192","0","","C:\Windows\system32\drivers\pcw.sys","4,096"
"pdc","pdc","pdc","Kernel ","Boot","Running","OK","TRUE","FALSE","94,208","32,768","0","","C:\Windows\system32\drivers\pdc.sys","8,192"
"PEAUTH","PEAUTH","PEAUTH","Kernel ","Auto","Running","OK","TRUE","FALSE","577,536","151,552","0","","C:\Windows\system32\drivers\peauth.sys","4,096"
"percsas2i","percsas2i","percsas2i","Kernel ","Manual","Stopped","OK","FALSE","FALSE","0","40,960","0","3/14/2016 5:50:11 PM","C:\Windows\system32\drivers\percsas2i.sys","4,096"
"percsas3i","percsas3i","percsas3i","Kernel ","Manual","Stopped","OK","FALSE","FALSE","0","49,152","0","6/1/2018 2:47:02 PM","C:\Windows\system32\drivers\percsas3i.sys","4,096"
"PktMon","Packet Monitor Driver","Packet Monitor Driver","Kernel ","Manual","Stopped","OK","FALSE","FALSE","4,096","94,208","0","","C:\Windows\system32\drivers\PktMon.sys","4,096"
"PktMonApi","Packet Monitor Export Driver","Packet Monitor Export Driver","Kernel ","Manual","Stopped","OK","FALSE","FALSE","4,096","16,384","0","","C:\Windows\system32\drivers\PktMonApi.sys","4,096"
"PlutonHeci","Microsoft Pluton Security Service","Microsoft Pluton Security Service","Kernel ","Manual","Stopped","OK","FALSE","FALSE","8,192","20,480","0","","C:\Windows\system32\DriverStore\FileRepository\pluton-heci.inf_amd64_2ab19567719f33ae\pluton-heci.sys","4,096"
"PlutonHsp2","Microsoft Pluton Service","Microsoft Pluton Service","Kernel ","Manual","Stopped","OK","FALSE","FALSE","8,192","20,480","0","","C:\Windows\system32\DriverStore\FileRepository\plutonhsp2.inf_amd64_babf747387570b43\PlutonHsp2.sys","4,096"
"pmem","Microsoft persistent memory disk driver","Microsoft persistent memory disk driver","Kernel ","Manual","Stopped","OK","FALSE","FALSE","28,672","53,248","0","","C:\Windows\system32\drivers\pmem.sys","4,096"
"PNPMEM","Microsoft Memory Module Driver","Microsoft Memory Module Driver","Kernel ","Manual","Stopped","OK","FALSE","FALSE","8,192","8,192","0","","C:\Windows\system32\drivers\pnpmem.sys","4,096"
"portcfg","portcfg","portcfg","Kernel ","Manual","Stopped","OK","FALSE","FALSE","12,288","12,288","0","","C:\Windows\system32\drivers\portcfg.sys","4,096"
"PptpMiniport","WAN Miniport (PPTP)","WAN Miniport (PPTP)","Kernel ","Manual","Running","OK","TRUE","FALSE","65,536","36,864","0","","C:\Windows\system32\drivers\raspptp.sys","4,096"
"PRM","Microsoft PRM Driver","Microsoft PRM Driver","Kernel ","Boot","Running","OK","TRUE","FALSE","4,096","16,384","0","","C:\Windows\system32\DriverStore\FileRepository\prm.inf_amd64_7c38475757a1f016\PRM.sys","4,096"
"Processor","Processor Driver","Processor Driver","Kernel ","Manual","Stopped","OK","FALSE","FALSE","122,880","57,344","0","","C:\Windows\system32\drivers\processr.sys","12,288"
"Psched","QoS Packet Scheduler","QoS Packet Scheduler","Kernel ","System","Running","OK","TRUE","FALSE","20,480","86,016","0","","C:\Windows\system32\drivers\pacer.sys","4,096"
"pvscsi","pvscsi Storage Controller Driver","pvscsi Storage Controller Driver","Kernel ","Manual","Stopped","OK","FALSE","FALSE","0","24,576","0","5/19/2021 8:55:26 PM","C:\Windows\system32\drivers\pvscsii.sys","4,096"
"QWAVEdrv","QWAVE driver","QWAVE driver","Kernel ","Manual","Stopped","OK","FALSE","FALSE","8,192","40,960","0","","C:\Windows\system32\drivers\qwavedrv.sys","4,096"
"Ramdisk","Windows RAM Disk Driver","Windows RAM Disk Driver","Kernel ","Manual","Stopped","OK","FALSE","FALSE","16,384","12,288","0","","C:\Windows\system32\drivers\ramdisk.sys","4,096"
"RasAcd","Remote Access Auto Connection Driver","Remote Access Auto Connection Driver","Kernel ","Manual","Stopped","OK","FALSE","FALSE","4,096","16,384","0","","C:\Windows\system32\DRIVERS\rasacd.sys","4,096"
"RasAgileVpn","WAN Miniport (IKEv2)","WAN Miniport (IKEv2)","Kernel ","Manual","Running","OK","TRUE","FALSE","32,768","49,152","0","","C:\Windows\system32\drivers\AgileVpn.sys","4,096"
"Rasl2tp","WAN Miniport (L2TP)","WAN Miniport (L2TP)","Kernel ","Manual","Running","OK","TRUE","FALSE","73,728","24,576","0","","C:\Windows\system32\drivers\rasl2tp.sys","4,096"
"RasPppoe","Remote Access PPPOE Driver","Remote Access PPPOE Driver","Kernel ","Manual","Running","OK","TRUE","FALSE","49,152","32,768","0","","C:\Windows\system32\drivers\raspppoe.sys","4,096"
"RasSstp","WAN Miniport (SSTP)","WAN Miniport (SSTP)","Kernel ","Manual","Running","OK","TRUE","FALSE","49,152","28,672","0","","C:\Windows\system32\drivers\rassstp.sys","4,096"
"rcbottom","AMD-RAID Bottom Service","AMD-RAID Bottom Service","Kernel ","Manual","Stopped","OK","FALSE","FALSE","4,096","69,632","0","3/21/2024 11:00:03 PM","C:\Windows\system32\drivers\rcbottom.sys","4,096"
"rccfg","AMD-RAID Config Device","AMD-RAID Config Device","Kernel ","Manual","Stopped","OK","FALSE","FALSE","4,096","8,192","0","3/21/2024 11:00:07 PM","C:\Windows\system32\drivers\rccfg.sys","4,096"
"rcraid","rcraid","rcraid","Kernel ","Manual","Stopped","OK","FALSE","FALSE","0","512,000","0","3/21/2024 11:01:14 PM","C:\Windows\system32\drivers\rcraid.sys","4,096"
"rdbss","Redirected Buffering Sub System","Redirected Buffering Sub System","File System ","System","Running","OK","TRUE","FALSE","249,856","167,936","0","","C:\Windows\system32\DRIVERS\rdbss.sys","8,192"
"rdpbus","Remote Desktop Device Redirector Bus Driver","Remote Desktop Device Redirector Bus Driver","Kernel ","Manual","Running","OK","TRUE","FALSE","12,288","16,384","0","","C:\Windows\system32\drivers\rdpbus.sys","4,096"
"RDPDR","Remote Desktop Device Redirector Driver","Remote Desktop Device Redirector Driver","Kernel ","Manual","Stopped","OK","FALSE","FALSE","118,784","32,768","0","","C:\Windows\system32\drivers\rdpdr.sys","4,096"
"rdyboost","ReadyBoost","ReadyBoost","Kernel ","Boot","Running","OK","TRUE","FALSE","40,960","172,032","0","","C:\Windows\system32\drivers\rdyboost.sys","4,096"
"ReFS","ReFS","ReFS","File System ","Manual","Stopped","OK","FALSE","FALSE","802,816","1,880,064","0","","C:\Windows\system32\drivers\ReFS.sys","16,384"
"ReFSv1","ReFSv1","ReFSv1","File System ","Manual","Stopped","OK","FALSE","FALSE","352,256","405,504","0","","C:\Windows\system32\drivers\ReFSv1.sys","8,192"
"RFCOMM","Bluetooth Device (RFCOMM Protocol TDI)","Bluetooth Device (RFCOMM Protocol TDI)","Kernel ","Manual","Running","OK","TRUE","FALSE","20,480","139,264","0","","C:\Windows\system32\drivers\rfcomm.sys","4,096"
"rhproxy","Resource Hub proxy driver","Resource Hub proxy driver","Kernel ","Manual","Stopped","OK","FALSE","FALSE","49,152","49,152","0","","C:\Windows\system32\drivers\rhproxy.sys","4,096"
"RoutePolicy","Microsoft Route Policy Service","Microsoft Route Policy Service","Kernel ","Manual","Stopped","OK","FALSE","FALSE","8,192","49,152","0","","C:\Windows\system32\drivers\RoutePolicy.sys","4,096"
"rspndr","Link-Layer Topology Discovery Responder","Link-Layer Topology Discovery Responder","Kernel ","Auto","Running","OK","TRUE","FALSE","8,192","61,440","0","","C:\Windows\system32\drivers\rspndr.sys","4,096"
"rt68cx21","Realtek NetAdapter Driver","Realtek NetAdapter Driver","Kernel ","Manual","Running","OK","TRUE","FALSE","4,096","626,688","0","7/29/2024 12:21:44 AM","C:\Windows\system32\DriverStore\FileRepository\rt68cx21x64.inf_amd64_d1a236ce16a4bbb1\rt68cx21x64.sys","4,096"
"s3cap","s3cap","s3cap","Kernel ","Manual","Stopped","OK","FALSE","FALSE","4,096","8,192","0","","C:\Windows\system32\drivers\vms3cap.sys","4,096"
"sbp2port","SBP-2 Transport/Protocol Bus Driver","SBP-2 Transport/Protocol Bus Driver","Kernel ","Manual","Stopped","OK","FALSE","FALSE","16,384","81,920","0","","C:\Windows\system32\drivers\sbp2port.sys","4,096"
"scfilter","Smart card PnP Class Filter Driver","Smart card PnP Class Filter Driver","Kernel ","Manual","Stopped","OK","FALSE","FALSE","8,192","32,768","0","","C:\Windows\system32\DRIVERS\scfilter.sys","4,096"
"scmbus","Microsoft Storage Class Memory Bus Driver","Microsoft Storage Class Memory Bus Driver","Kernel ","Manual","Stopped","OK","FALSE","FALSE","49,152","81,920","0","","C:\Windows\system32\drivers\scmbus.sys","4,096"
"sdbus","sdbus","sdbus","Kernel ","Manual","Stopped","OK","FALSE","FALSE","28,672","217,088","0","","C:\Windows\system32\drivers\sdbus.sys","8,192"
"SdcaHidInbox","SoundWire HID Driver","SoundWire HID Driver","Kernel ","Manual","Stopped","OK","FALSE","FALSE","77,824","49,152","0","","C:\Windows\system32\DriverStore\FileRepository\sdcahid.inf_amd64_7bf425bf12706f63\SdcaHid.sys","4,096"
"SdcaMfdInbox","SoundWire Audio Multifunction Driver","SoundWire Audio Multifunction Driver","Kernel ","Manual","Stopped","OK","FALSE","FALSE","45,056","94,208","0","","C:\Windows\system32\DriverStore\FileRepository\sdcamfd.inf_amd64_5644f1d68756de67\SdcaMfd.sys","4,096"
"sdstor","SD Storage Port Driver","SD Storage Port Driver","Kernel ","Manual","Stopped","OK","FALSE","FALSE","24,576","57,344","0","","C:\Windows\system32\drivers\sdstor.sys","4,096"
"SerCx","Serial UART Support Library","Serial UART Support Library","Kernel ","Manual","Stopped","OK","FALSE","FALSE","4,096","61,440","0","","C:\Windows\system32\drivers\SerCx.sys","4,096"
"SerCx2","Serial UART Support Library","Serial UART Support Library","Kernel ","Manual","Stopped","OK","FALSE","FALSE","4,096","118,784","0","","C:\Windows\system32\drivers\SerCx2.sys","4,096"
"Serenum","Serenum Filter Driver","Serenum Filter Driver","Kernel ","Manual","Stopped","OK","FALSE","FALSE","16,384","12,288","0","","C:\Windows\system32\drivers\serenum.sys","4,096"
"Serial","Serial port driver","Serial port driver","Kernel ","Manual","Stopped","OK","FALSE","FALSE","40,960","28,672","0","","C:\Windows\system32\drivers\serial.sys","4,096"
"sermouse","Serial Mouse Driver","Serial Mouse Driver","Kernel ","Manual","Stopped","OK","FALSE","FALSE","12,288","12,288","0","","C:\Windows\system32\drivers\sermouse.sys","4,096"
"sfloppy","High-Capacity Floppy Disk Drive","High-Capacity Floppy Disk Drive","Kernel ","Manual","Stopped","OK","FALSE","FALSE","8,192","12,288","0","","C:\Windows\system32\drivers\sfloppy.sys","4,096"
"SiSRaid2","SiSRaid2","SiSRaid2","Kernel ","Manual","Stopped","OK","FALSE","FALSE","0","32,768","0","9/24/2008 11:28:20 AM","C:\Windows\system32\drivers\SiSRaid2.sys","4,096"
"SiSRaid4","SiSRaid4","SiSRaid4","Kernel ","Manual","Stopped","OK","FALSE","FALSE","0","69,632","0","10/1/2008 2:56:04 PM","C:\Windows\system32\drivers\sisraid4.sys","4,096"
"SmartSAMD","SmartSAMD","SmartSAMD","Kernel ","Manual","Stopped","OK","FALSE","FALSE","0","188,416","0","2/21/2019 9:54:44 AM","C:\Windows\system32\drivers\SmartSAMD.sys","4,096"
"spaceparser","spaceparser","spaceparser","Kernel ","Manual","Stopped","OK","FALSE","FALSE","8,192","28,672","0","","C:\Windows\system32\drivers\spaceparser.sys","4,096"
"spaceport","Storage Spaces Driver","Storage Spaces Driver","Kernel ","Boot","Running","OK","TRUE","FALSE","200,704","454,656","0","","C:\Windows\system32\drivers\spaceport.sys","4,096"
"SpbCx","Simple Peripheral Bus Support Library","Simple Peripheral Bus Support Library","Kernel ","Manual","Running","OK","TRUE","FALSE","4,096","61,440","0","","C:\Windows\system32\drivers\SpbCx.sys","4,096"
"srv2","Server SMB 2.xxx Driver","Server SMB 2.xxx Driver","File System ","Manual","Running","OK","TRUE","FALSE","286,720","245,760","0","","C:\Windows\system32\DRIVERS\srv2.sys","4,096"
"srvnet","srvnet","srvnet","File System ","Manual","Running","OK","TRUE","FALSE","98,304","188,416","0","","C:\Windows\system32\DRIVERS\srvnet.sys","4,096"
"stexstor","stexstor","stexstor","Kernel ","Manual","Stopped","OK","FALSE","FALSE","0","16,384","0","11/26/2012 4:02:51 PM","C:\Windows\system32\drivers\stexstor.sys","4,096"
"storahci","Microsoft Standard SATA AHCI Driver","Microsoft Standard SATA AHCI Driver","Kernel ","Manual","Stopped","OK","FALSE","FALSE","0","163,840","0","","C:\Windows\system32\drivers\storahci.sys","4,096"
"storflt","Microsoft Hyper-V Storage Accelerator","Microsoft Hyper-V Storage Accelerator","Kernel ","Manual","Stopped","OK","FALSE","FALSE","8,192","24,576","0","","C:\Windows\system32\drivers\vmstorfl.sys","4,096"
"stornvme","Microsoft Standard NVM Express Driver","Microsoft Standard NVM Express Driver","Kernel ","Boot","Running","OK","TRUE","FALSE","4,096","229,376","0","","C:\Windows\system32\drivers\stornvme.sys","4,096"
"storqosflt","Storage QoS Filter Driver","Storage QoS Filter Driver","File System ","Auto","Running","OK","TRUE","FALSE","20,480","45,056","0","","C:\Windows\system32\drivers\storqosflt.sys","4,096"
"storufs","Microsoft Universal Flash Storage (UFS) Driver","Microsoft Universal Flash Storage (UFS) Driver","Kernel ","Manual","Stopped","OK","FALSE","FALSE","4,096","73,728","0","","C:\Windows\system32\drivers\storufs.sys","4,096"
"storvsc","storvsc","storvsc","Kernel ","Manual","Stopped","OK","FALSE","FALSE","8,192","32,768","0","","C:\Windows\system32\drivers\storvsc.sys","4,096"
"swenum","Software Bus Driver","Software Bus Driver","Kernel ","Manual","Running","OK","TRUE","FALSE","4,096","4,096","0","","C:\Windows\system32\DriverStore\FileRepository\swenum.inf_amd64_8b9dd76f362e3ec6\swenum.sys","4,096"
"Tcpip","TCP/IP Protocol Driver","TCP/IP Protocol Driver","Kernel ","Boot","Running","OK","TRUE","FALSE","208,896","1,953,792","0","","C:\Windows\system32\drivers\tcpip.sys","12,288"
"Tcpip6","@todo.dll,-100;Microsoft IPv6 Protocol Driver","@todo.dll,-100;Microsoft IPv6 Protocol Driver","Kernel ","Manual","Stopped","OK","FALSE","FALSE","208,896","1,953,792","0","","C:\Windows\system32\drivers\tcpip.sys","12,288"
"tcpipreg","@%SystemRoot%\System32\drivers\tcpipreg.sys,-10110,","@%SystemRoot%\System32\drivers\tcpipreg.sys,-10110,","Kernel ","Auto","Running","OK","TRUE","FALSE","4,096","40,960","0","","C:\Windows\system32\drivers\tcpipreg.sys","4,096"
"tdx","NetIO Legacy TDI Support Driver","NetIO Legacy TDI Support Driver","Kernel ","System","Running","OK","TRUE","FALSE","4,096","106,496","0","","C:\Windows\system32\DRIVERS\tdx.sys","4,096"
"terminpt","Microsoft Remote Desktop Input Driver","Microsoft Remote Desktop Input Driver","Kernel ","Manual","Stopped","OK","FALSE","FALSE","12,288","16,384","0","","C:\Windows\system32\drivers\terminpt.sys","4,096"
"ThermalFilter","Microsoft Thermal Filter Driver","Microsoft Thermal Filter Driver","Kernel ","Manual","Stopped","OK","FALSE","FALSE","16,384","16,384","0","","C:\Windows\system32\DriverStore\FileRepository\c_thermal.inf_amd64_3906809d5fac687e\ThermalFilter.sys","4,096"
"TPM","TPM","TPM","Kernel ","Manual","Running","OK","TRUE","FALSE","8,192","286,720","0","","C:\Windows\system32\drivers\tpm.sys","4,096"
"TsUsbFlt","Remote Desktop USB Hub Class Filter Driver","Remote Desktop USB Hub Class Filter Driver","Kernel ","Manual","Stopped","OK","FALSE","FALSE","4,096","49,152","0","","C:\Windows\system32\drivers\tsusbflt.sys","4,096"
"TsUsbGD","Remote Desktop Generic USB Device","Remote Desktop Generic USB Device","Kernel ","Manual","Stopped","OK","FALSE","FALSE","4,096","28,672","0","","C:\Windows\system32\drivers\TsUsbGD.sys","4,096"
"tunnel","Microsoft Tunnel Miniport Adapter Driver","Microsoft Tunnel Miniport Adapter Driver","Kernel ","Manual","Stopped","OK","FALSE","FALSE","12,288","73,728","0","","C:\Windows\system32\drivers\tunnel.sys","4,096"
"UASPStor","USB Attached SCSI (UAS) Driver","USB Attached SCSI (UAS) Driver","Kernel ","Manual","Stopped","OK","FALSE","FALSE","4,096","61,440","0","","C:\Windows\system32\drivers\uaspstor.sys","4,096"
"UcmCx0101","USB Connector Manager KMDF Class Extension","USB Connector Manager KMDF Class Extension","Kernel ","Manual","Running","OK","TRUE","FALSE","12,288","151,552","0","","C:\Windows\system32\Drivers\UcmCx.sys","4,096"
"UcmTcpciCx0101","UCM-TCPCI KMDF Class Extension","UCM-TCPCI KMDF Class Extension","Kernel ","Manual","Stopped","OK","FALSE","FALSE","28,672","118,784","0","","C:\Windows\system32\Drivers\UcmTcpciCx.sys","4,096"
"UcmUcsiAcpiClient","UCM-UCSI ACPI Client","UCM-UCSI ACPI Client","Kernel ","Manual","Running","OK","TRUE","FALSE","20,480","16,384","0","","C:\Windows\system32\drivers\UcmUcsiAcpiClient.sys","4,096"
"UcmUcsiCx0101","UCM-UCSI KMDF Class Extension","UCM-UCSI KMDF Class Extension","Kernel ","Manual","Running","OK","TRUE","FALSE","36,864","94,208","0","","C:\Windows\system32\Drivers\UcmUcsiCx.sys","4,096"
"UCPD","UCPD","UCPD","File System ","System","Running","OK","TRUE","FALSE","8,192","106,496","0","","C:\Windows\system32\drivers\UCPD.sys","4,096"
"Ucx01000","USB Host Support Library","USB Host Support Library","Kernel ","Manual","Running","OK","TRUE","FALSE","4,096","151,552","0","","C:\Windows\system32\drivers\ucx01000.sys","4,096"
"UdeCx","USB Device Emulation Support Library","USB Device Emulation Support Library","Kernel ","Manual","Stopped","OK","FALSE","FALSE","4,096","45,056","0","","C:\Windows\system32\drivers\udecx.sys","4,096"
"udfs","udfs","udfs","File System ","Disabled","Stopped","OK","FALSE","FALSE","200,704","122,880","0","","C:\Windows\system32\DRIVERS\udfs.sys","4,096"
"UEFI","Microsoft UEFI Driver","Microsoft UEFI Driver","Kernel ","Manual","Running","OK","TRUE","FALSE","16,384","16,384","0","","C:\Windows\system32\DriverStore\FileRepository\uefi.inf_amd64_8681c4be783af156\UEFI.sys","4,096"
"Ufx01000","USB Function Class Extension","USB Function Class Extension","Kernel ","Manual","Stopped","OK","FALSE","FALSE","81,920","163,840","0","","C:\Windows\system32\drivers\ufx01000.sys","4,096"
"UfxChipidea","USB Chipidea Controller","USB Chipidea Controller","Kernel ","Manual","Stopped","OK","FALSE","FALSE","24,576","65,536","0","","C:\Windows\system32\DriverStore\FileRepository\ufxchipidea.inf_amd64_6e8bb2ed82835828\UfxChipidea.sys","4,096"
"ufxsynopsys","USB Synopsys Controller","USB Synopsys Controller","Kernel ","Manual","Stopped","OK","FALSE","FALSE","32,768","98,304","0","","C:\Windows\system32\drivers\ufxsynopsys.sys","4,096"
"uiomap","Microsoft UIO Mapper Driver Service","Microsoft UIO Mapper Driver Service","Kernel ","System","Running","OK","TRUE","FALSE","4,096","24,576","0","","C:\Windows\system32\DriverStore\FileRepository\uiomap.inf_amd64_10a42a73c2de27c4\uiomap.sys","4,096"
"umbus","UMBus Enumerator Driver","UMBus Enumerator Driver","Kernel ","Manual","Running","OK","TRUE","FALSE","32,768","16,384","0","","C:\Windows\system32\DriverStore\FileRepository\umbus.inf_amd64_914dd46b4b013b1b\umbus.sys","4,096"
"UmPass","Microsoft UMPass Driver","Microsoft UMPass Driver","Kernel ","Manual","Stopped","OK","FALSE","FALSE","4,096","12,288","0","","C:\Windows\system32\DriverStore\FileRepository\umpass.inf_amd64_06e016c9ffecbf73\umpass.sys","4,096"
"UnionFS","UnionFS","UnionFS","File System ","Auto","Running","OK","TRUE","FALSE","8,192","331,776","0","","C:\Windows\system32\drivers\UnionFS.sys","4,096"
"UrsChipidea","Chipidea USB Role-Switch Driver","Chipidea USB Role-Switch Driver","Kernel ","Manual","Stopped","OK","FALSE","FALSE","4,096","20,480","0","","C:\Windows\system32\DriverStore\FileRepository\urschipidea.inf_amd64_37fb14618bce547b\urschipidea.sys","4,096"
"UrsCx01000","USB Role-Switch Support Library","USB Role-Switch Support Library","Kernel ","Manual","Stopped","OK","FALSE","FALSE","4,096","57,344","0","","C:\Windows\system32\drivers\urscx01000.sys","4,096"
"UrsSynopsys","Synopsys USB Role-Switch Driver","Synopsys USB Role-Switch Driver","Kernel ","Manual","Stopped","OK","FALSE","FALSE","4,096","16,384","0","","C:\Windows\system32\DriverStore\FileRepository\urssynopsys.inf_amd64_ef0be23d0f063014\urssynopsys.sys","4,096"
"usb-platformdetection","Usb Platform Detection Driver","Usb Platform Detection Driver","Kernel ","Manual","Stopped","OK","FALSE","FALSE","8,192","20,480","0","","C:\Windows\system32\DriverStore\FileRepository\usb-platformdetection.inf_amd64_aad9282cdb212e91\usb-platformdetection.sys","4,096"
"Usb4DeviceRouter","USB4 Device Router Service","USB4 Device Router Service","Kernel ","Manual","Running","OK","TRUE","FALSE","110,592","655,360","0","","C:\Windows\system32\DriverStore\FileRepository\usb4devicerouter.inf_amd64_99bd05b346a16620\Usb4DeviceRouter.sys","4,096"
"Usb4HostRouter","USB4 Host Router Service","USB4 Host Router Service","Kernel ","Manual","Running","OK","TRUE","FALSE","208,896","364,544","0","","C:\Windows\system32\DriverStore\FileRepository\usb4hostrouter.inf_amd64_5d71006f46adfaa1\Usb4HostRouter.sys","4,096"
"usbaudio","USB Audio Driver (WDM)","USB Audio Driver (WDM)","Kernel ","Manual","Stopped","OK","FALSE","FALSE","90,112","118,784","0","","C:\Windows\system32\drivers\usbaudio.sys","4,096"
"usbaudio2","USB Audio 2.0 Service","USB Audio 2.0 Service","Kernel ","Manual","Stopped","OK","FALSE","FALSE","241,664","98,304","0","","C:\Windows\system32\drivers\usbaudio2.sys","4,096"
"usbccgp","Microsoft USB Generic Parent Driver","Microsoft USB Generic Parent Driver","Kernel ","Manual","Running","OK","TRUE","FALSE","53,248","90,112","0","","C:\Windows\system32\drivers\usbccgp.sys","4,096"
"usbcir","eHome Infrared Receiver (USBCIR)","eHome Infrared Receiver (USBCIR)","Kernel ","Manual","Stopped","OK","FALSE","FALSE","20,480","81,920","0","","C:\Windows\system32\drivers\usbcir.sys","4,096"
"usbehci","Microsoft USB 2.0 Enhanced Host Controller Miniport Driver","Microsoft USB 2.0 Enhanced Host Controller Miniport Driver","Kernel ","Manual","Stopped","OK","FALSE","FALSE","0","77,824","0","","C:\Windows\system32\drivers\usbehci.sys","4,096"
"usbhub","Microsoft USB Standard Hub Driver","Microsoft USB Standard Hub Driver","Kernel ","Manual","Stopped","OK","FALSE","FALSE","4,096","397,312","0","","C:\Windows\system32\drivers\usbhub.sys","4,096"
"USBHUB3","SuperSpeed Hub","SuperSpeed Hub","Kernel ","Manual","Running","OK","TRUE","FALSE","114,688","290,816","0","","C:\Windows\system32\drivers\UsbHub3.sys","4,096"
"usbohci","Microsoft USB Open Host Controller Miniport Driver","Microsoft USB Open Host Controller Miniport Driver","Kernel ","Manual","Stopped","OK","FALSE","FALSE","0","32,768","0","","C:\Windows\system32\drivers\usbohci.sys","4,096"
"usbprint","Microsoft USB PRINTER Class","Microsoft USB PRINTER Class","Kernel ","Manual","Stopped","OK","FALSE","FALSE","4,096","45,056","0","","C:\Windows\system32\drivers\usbprint.sys","4,096"
"usbser","Microsoft USB Serial Driver","Microsoft USB Serial Driver","Kernel ","Manual","Stopped","OK","FALSE","FALSE","24,576","53,248","0","","C:\Windows\system32\drivers\usbser.sys","4,096"
"USBSTOR","USB Mass Storage Driver","USB Mass Storage Driver","Kernel ","Manual","Running","OK","TRUE","FALSE","45,056","86,016","0","","C:\Windows\system32\drivers\USBSTOR.SYS","4,096"
"usbuhci","Microsoft USB Universal Host Controller Miniport Driver","Microsoft USB Universal Host Controller Miniport Driver","Kernel ","Manual","Stopped","OK","FALSE","FALSE","0","36,864","0","","C:\Windows\system32\drivers\usbuhci.sys","4,096"
"usbvideo","USB Video Device (WDM)","USB Video Device (WDM)","Kernel ","Manual","Running","OK","TRUE","FALSE","40,960","270,336","0","","C:\Windows\system32\Drivers\usbvideo.sys","4,096"
"USBXHCI","USB xHCI Compliant Host Controller","USB xHCI Compliant Host Controller","Kernel ","Manual","Running","OK","TRUE","FALSE","73,728","380,928","0","","C:\Windows\system32\drivers\USBXHCI.SYS","4,096"
"vdrvroot","Microsoft Virtual Drive Enumerator","Microsoft Virtual Drive Enumerator","Kernel ","Boot","Running","OK","TRUE","FALSE","8,192","12,288","0","","C:\Windows\system32\drivers\vdrvroot.sys","4,096"
"VerifierExt","Driver Verifier Extension","Driver Verifier Extension","Kernel ","Manual","Stopped","OK","FALSE","FALSE","8,192","110,592","0","","C:\Windows\system32\drivers\VerifierExt.sys","4,096"
"vhdmp","vhdmp","vhdmp","Kernel ","Manual","Stopped","OK","FALSE","FALSE","335,872","397,312","0","","C:\Windows\system32\drivers\vhdmp.sys","8,192"
"vhf","Virtual HID Framework (VHF) Driver","Virtual HID Framework (VHF) Driver","Kernel ","Manual","Stopped","OK","FALSE","FALSE","12,288","36,864","0","","C:\Windows\system32\drivers\vhf.sys","4,096"
"Vid","Vid","Vid","Kernel ","System","Running","OK","TRUE","FALSE","446,464","217,088","0","","C:\Windows\system32\drivers\Vid.sys","4,096"
"VirtualRender","VirtualRender","VirtualRender","Kernel ","Manual","Stopped","OK","FALSE","FALSE","4,096","12,288","0","","C:\Windows\system32\DriverStore\FileRepository\vrd.inf_amd64_4dd0e6d66a75bb7e\vrd.sys","4,096"
"vmbus","Virtual Machine Bus","Virtual Machine Bus","Kernel ","Manual","Stopped","OK","FALSE","FALSE","36,864","98,304","0","","C:\Windows\system32\drivers\vmbus.sys","4,096"
"VMBusHID","VMBusHID","VMBusHID","Kernel ","Manual","Stopped","OK","FALSE","FALSE","4,096","16,384","0","","C:\Windows\system32\drivers\VMBusHID.sys","4,096"
"vmgid","Microsoft Hyper-V Guest Infrastructure Driver","Microsoft Hyper-V Guest Infrastructure Driver","Kernel ","Manual","Stopped","OK","FALSE","FALSE","4,096","8,192","0","","C:\Windows\system32\drivers\vmgid.sys","4,096"
"volmgr","Volume Manager Driver","Volume Manager Driver","Kernel ","Boot","Running","OK","TRUE","FALSE","40,960","28,672","0","","C:\Windows\system32\drivers\volmgr.sys","4,096"
"volmgrx","Dynamic Volume Manager","Dynamic Volume Manager","Kernel ","Boot","Running","OK","TRUE","FALSE","229,376","118,784","0","","C:\Windows\system32\drivers\volmgrx.sys","4,096"
"volsnap","Volume Shadow Copy driver","Volume Shadow Copy driver","Kernel ","Boot","Running","OK","TRUE","FALSE","278,528","69,632","0","","C:\Windows\system32\drivers\volsnap.sys","4,096"
"volume","Volume driver","Volume driver","Kernel ","Boot","Running","OK","TRUE","FALSE","4,096","4,096","0","","C:\Windows\system32\drivers\volume.sys","4,096"
"vpci","Microsoft Hyper-V Virtual PCI Bus","Microsoft Hyper-V Virtual PCI Bus","Kernel ","Manual","Stopped","OK","FALSE","FALSE","61,440","49,152","0","","C:\Windows\system32\drivers\vpci.sys","4,096"
"vsmraid","vsmraid","vsmraid","Kernel ","Manual","Stopped","OK","FALSE","FALSE","0","143,360","0","4/22/2014 12:21:41 PM","C:\Windows\system32\drivers\vsmraid.sys","4,096"
"VSTXRAID","VIA StorX Storage RAID Controller Windows Driver","VIA StorX Storage RAID Controller Windows Driver","Kernel ","Manual","Stopped","OK","FALSE","FALSE","0","278,528","0","1/21/2013 11:00:28 AM","C:\Windows\system32\drivers\vstxraid.sys","4,096"
"vwifibus","Virtual Wireless Bus Driver","Virtual Wireless Bus Driver","Kernel ","Manual","Running","OK","TRUE","FALSE","8,192","20,480","0","","C:\Windows\system32\DriverStore\FileRepository\netvwifibus.inf_amd64_ab4e111fe8221178\vwifibus.sys","4,096"
"vwififlt","Virtual WiFi Filter Driver","Virtual WiFi Filter Driver","Kernel ","System","Running","OK","TRUE","FALSE","4,096","65,536","0","","C:\Windows\system32\drivers\vwififlt.sys","4,096"
"vwifimp","Virtual WiFi Miniport Service","Virtual WiFi Miniport Service","Kernel ","Manual","Running","OK","TRUE","FALSE","8,192","40,960","0","","C:\Windows\system32\DriverStore\FileRepository\netvwifimp.inf_amd64_d5d60e62de4bba77\vwifimp.sys","4,096"
"WacomPen","Wacom Serial Pen HID Driver","Wacom Serial Pen HID Driver","Kernel ","Manual","Stopped","OK","FALSE","FALSE","12,288","16,384","0","","C:\Windows\system32\drivers\wacompen.sys","4,096"
"wanarp","Remote Access IP ARP Driver","Remote Access IP ARP Driver","Kernel ","Auto","Running","OK","TRUE","FALSE","53,248","28,672","0","","C:\Windows\system32\DRIVERS\wanarp.sys","4,096"
"wanarpv6","Remote Access IPv6 ARP Driver","Remote Access IPv6 ARP Driver","Kernel ","Manual","Stopped","OK","FALSE","FALSE","53,248","28,672","0","","C:\Windows\system32\DRIVERS\wanarp.sys","4,096"
"wcifs","Windows Container Isolation","Windows Container Isolation","File System ","Auto","Running","OK","TRUE","FALSE","135,168","36,864","0","","C:\Windows\system32\drivers\wcifs.sys","8,192"
"WdAiNisDrv","Microsoft WdAiNisDrv Driver","Microsoft WdAiNisDrv Driver","Kernel ","Disabled","Stopped","OK","FALSE","FALSE","16,384","8,192","0","","C:\Windows\system32\drivers\wd\WdAiNisDrv.sys","8,192"
"WdBoot","Microsoft Defender Antivirus Boot Driver","Microsoft Defender Antivirus Boot Driver","Kernel ","Boot","Stopped","OK","FALSE","FALSE","4,096","4,096","0","","C:\Windows\system32\drivers\wd\WdBoot.sys","4,096"
"WDC_SAM","WD SCSI Pass Thru driver","WD SCSI Pass Thru driver","Kernel ","Manual","Running","OK","TRUE","FALSE","0","8,192","0","7/6/2020 4:55:41 AM","C:\Windows\system32\drivers\wdcsam64.sys","4,096"
"Wdf01000","Kernel Mode Driver Frameworks service","Kernel Mode Driver Frameworks service","Kernel ","Boot","Running","OK","TRUE","FALSE","49,152","708,608","0","","C:\Windows\system32\drivers\Wdf01000.sys","4,096"
"WdFilter","Microsoft Defender Antivirus Mini-Filter Driver","Microsoft Defender Antivirus Mini-Filter Driver","File System ","Boot","Running","OK","TRUE","FALSE","380,928","69,632","0","","C:\Windows\system32\drivers\wd\WdFilter.sys","45,056"
"wdiwifi","WDI Driver Framework","WDI Driver Framework","Kernel ","Manual","Running","OK","TRUE","FALSE","4,096","925,696","0","","C:\Windows\system32\DRIVERS\wdiwifi.sys","4,096"
"WdmCompanionFilter","WdmCompanionFilter","WdmCompanionFilter","Kernel ","Manual","Stopped","OK","FALSE","FALSE","4,096","12,288","0","","C:\Windows\system32\drivers\WdmCompanionFilter.sys","4,096"
"WdNisDrv","Microsoft Defender Antivirus Network Inspection System Driver","Microsoft Defender Antivirus Network Inspection System Driver","Kernel ","Manual","Stopped","OK","FALSE","FALSE","12,288","65,536","0","","C:\Windows\system32\drivers\wd\WdNisDrv.sys","4,096"
"WFPLWFS","Microsoft Windows Filtering Platform","Microsoft Windows Filtering Platform","Kernel ","Boot","Running","OK","TRUE","FALSE","8,192","135,168","0","","C:\Windows\system32\drivers\wfplwfs.sys","4,096"
"Wificx","Wifi Network Adapter Class Extension","Wifi Network Adapter Class Extension","Kernel ","Manual","Stopped","OK","FALSE","FALSE","8,192","892,928","0","","C:\Windows\system32\drivers\WifiCx.sys","4,096"
"WIMMount","WIMMount","WIMMount","File System ","Manual","Stopped","OK","FALSE","FALSE","12,288","16,384","0","","C:\Windows\system32\drivers\wimmount.sys","4,096"
"WinAccelCx0101","Microsoft Accelerator Class Extension Driver","Microsoft Accelerator Class Extension Driver","Kernel ","Manual","Stopped","OK","FALSE","FALSE","8,192","86,016","0","","C:\Windows\system32\drivers\WinAccelCx.sys","4,096"
"WindowsTrustedRT","Windows Trusted Execution Environment Class Extension","Windows Trusted Execution Environment Class Extension","Kernel ","Boot","Running","OK","TRUE","FALSE","8,192","49,152","0","","C:\Windows\system32\drivers\WindowsTrustedRT.sys","4,096"
"WindowsTrustedRTProxy","Microsoft Windows Trusted Runtime Secure Service","Microsoft Windows Trusted Runtime Secure Service","Kernel ","Boot","Running","OK","TRUE","FALSE","4,096","8,192","0","","C:\Windows\system32\drivers\WindowsTrustedRTProxy.sys","4,096"
"wini3ctarget","Generic driver for I3C Target Devices","Generic driver for I3C Target Devices","Kernel ","Manual","Stopped","OK","FALSE","FALSE","12,288","16,384","0","","C:\Windows\system32\DriverStore\FileRepository\wini3ctarget.inf_amd64_03172bf77c954f94\wini3ctarget.sys","4,096"
"WinMad","WinMad Service","WinMad Service","Kernel ","Manual","Stopped","OK","FALSE","FALSE","4,096","20,480","0","6/19/2019 6:18:11 AM","C:\Windows\system32\drivers\winmad.sys","4,096"
"WinNat","Windows NAT Driver","Windows NAT Driver","Kernel ","Manual","Stopped","OK","FALSE","FALSE","32,768","135,168","0","","C:\Windows\system32\drivers\winnat.sys","4,096"
"WINUSB","WinUsb Driver","WinUsb Driver","Kernel ","Manual","Running","OK","TRUE","FALSE","24,576","73,728","0","","C:\Windows\system32\drivers\WinUSB.SYS","4,096"
"WinVerbs","WinVerbs Service","WinVerbs Service","Kernel ","Manual","Stopped","OK","FALSE","FALSE","4,096","53,248","0","6/19/2019 6:18:12 AM","C:\Windows\system32\drivers\winverbs.sys","4,096"
"WmiAcpi","Microsoft Windows Management Interface for ACPI","Microsoft Windows Management Interface for ACPI","Kernel ","Manual","Running","OK","TRUE","FALSE","8,192","12,288","0","","C:\Windows\system32\drivers\wmiacpi.sys","4,096"
"Wof","Windows Overlay File System Filter Driver","Windows Overlay File System Filter Driver","File System ","Boot","Running","OK","TRUE","FALSE","114,688","73,728","0","","C:\Windows\system32\drivers\Wof.sys","8,192"
"WpdUpFltr","WPD Upper Class Filter Driver","WPD Upper Class Filter Driver","Kernel ","Manual","Running","OK","TRUE","FALSE","8,192","16,384","0","","C:\Windows\system32\drivers\WpdUpFltr.sys","4,096"
"ws2ifsl","Winsock IFS Driver","Winsock IFS Driver","Kernel ","Disabled","Stopped","OK","FALSE","FALSE","12,288","12,288","0","","C:\Windows\system32\drivers\ws2ifsl.sys","4,096"
"wtd","wtd","wtd","Kernel ","Auto","Running","OK","TRUE","FALSE","28,672","28,672","0","","C:\Windows\system32\drivers\wtd.sys","4,096"
"WudfPf","User Mode Driver Frameworks Platform Driver","User Mode Driver Frameworks Platform Driver","Kernel ","Manual","Running","OK","TRUE","FALSE","12,288","94,208","0","","C:\Windows\system32\drivers\WudfPf.sys","4,096"
"WUDFRd","Windows Driver Foundation - User-mode Driver Framework Reflector","Windows Driver Foundation - User-mode Driver Framework Reflector","Kernel ","Manual","Running","OK","TRUE","FALSE","12,288","286,720","0","","C:\Windows\system32\drivers\WUDFRd.sys","4,096"
"WUDFWpdFs","WPD File System driver","WPD File System driver","Kernel ","Manual","Running","OK","TRUE","FALSE","12,288","286,720","0","","C:\Windows\system32\DRIVERS\WUDFRd.sys","4,096"
"xboxgip","Xbox Game Input Protocol Driver","Xbox Game Input Protocol Driver","Kernel ","Manual","Stopped","OK","FALSE","FALSE","16,384","307,200","0","","C:\Windows\system32\drivers\xboxgip.sys","8,192"
"xinputhid","XINPUT HID Filter Driver","XINPUT HID Filter Driver","Kernel ","Manual","Stopped","OK","FALSE","FALSE","8,192","73,728","0","","C:\Windows\system32\drivers\xinputhid.sys","4,096"
